ID_CABANG,NAMA_CABANG,CRAETED_DATE,UPDATE_DATE,KODE_REGIONAL,KODE_TERMINAL,KODE_SAP,PROFIT_CENTER,FLAG_APPROVE
"5000","SPJM","Mon Jul 15 2024 09:27:48 GMT+0700 (Western Indonesia Time)",,"05","0","5100","51000","2"
"5101","JAI Head Office","Mon Jul 15 2024 09:34:01 GMT+0700 (Western Indonesia Time)",,"051","0","5101","51001","2"
"5102","JAI Tanjung Priok","Mon Jul 15 2024 09:27:48 GMT+0700 (Western Indonesia Time)",,"051","2","5102","51002","2"
"5103","JAI Meulaboh Aceh","Tue Jul 16 2024 09:27:48 GMT+0700 (Western Indonesia Time)",,"051","3","5103","51003","2"
"5104","JAI Pontianak","Wed Jul 17 2024 09:27:48 GMT+0700 (Western Indonesia Time)",,"051","4","5104","51004","2"
"5105","JAI Banten","Thu Jul 18 2024 09:27:48 GMT+0700 (Western Indonesia Time)",,"051","5","5105","51005","2"
"5106","JAI Batam","Fri Jul 19 2024 09:27:48 GMT+0700 (Western Indonesia Time)",,"051","6","5106","51006","2"
"5107","JAI Panjang","Sat Jul 20 2024 09:27:48 GMT+0700 (Western Indonesia Time)",,"051","7","5107","51007","2"
"5108","JAI Bengkulu","Sun Jul 21 2024 09:27:48 GMT+0700 (Western Indonesia Time)",,"051","8","5108","51008","2"
"5109","JAI Maluku (Weda)","Mon Jul 22 2024 09:27:48 GMT+0700 (Western Indonesia Time)",,"051","9","5109","51009","2"
"5110","JAI Teluk Bayur","Tue Jul 23 2024 09:27:48 GMT+0700 (Western Indonesia Time)",,"051","10","5110","51010","2"
"5111","JAI Pangkal Balam","Wed Jul 24 2024 09:27:48 GMT+0700 (Western Indonesia Time)",,"051","11","5111","51011","2"
"5112","JAI Tanjung Pandan","Thu Jul 25 2024 09:27:48 GMT+0700 (Western Indonesia Time)",,"051","12","5112","51012","2"
"5113","JAI Palembang","Fri Jul 26 2024 09:27:48 GMT+0700 (Western Indonesia Time)",,"051","13","5113","51013","2"
"5114","JAI Jambi","Sat Jul 27 2024 09:27:48 GMT+0700 (Western Indonesia Time)",,"051","14","5114","51014","2"
"5115","JAI Cirebon","Sun Jul 28 2024 09:27:48 GMT+0700 (Western Indonesia Time)",,"051","15","5115","51015","2"
"5116","JAI Riau","Mon Jul 29 2024 09:27:48 GMT+0700 (Western Indonesia Time)",,"051","16","5116","51016","2"
"5117","JAI FSRU Jawa Barat/ Nusantara","Tue Jul 30 2024 09:27:48 GMT+0700 (Western Indonesia Time)",,"051","17","5117","51017","2"
"5118","JAI Kanci","Wed Jul 31 2024 09:27:48 GMT+0700 (Western Indonesia Time)",,"051","18","5118","51018","2"
"5119","JAI Balongan","Thu Aug 01 2024 09:27:48 GMT+0700 (Western Indonesia Time)",,"051","19","5119","51019","2"
"5120","JAI Cemindo Bayah","Fri Aug 02 2024 09:27:48 GMT+0700 (Western Indonesia Time)",,"051","20","5120","51020","2"
"5121","JAI Tanjung Jabung","Sat Aug 03 2024 09:27:48 GMT+0700 (Western Indonesia Time)",,"051","21","5121","51021","2"
"5122","JAI Sungai Musi","Sun Aug 04 2024 09:27:48 GMT+0700 (Western Indonesia Time)",,"051","22","5122","51022","2"
"5123","JAI FSRU Lampung","Mon Aug 05 2024 09:27:48 GMT+0700 (Western Indonesia Time)",,"051","23","5123","51023","2"
"5124","JAI Patimban","Tue Aug 06 2024 09:27:48 GMT+0700 (Western Indonesia Time)",,"051","24","5124","51024","2"
"5125","JAI Kanci II","Wed Aug 07 2024 09:27:48 GMT+0700 (Western Indonesia Time)",,"051","25","5125","51025","2"
"5126","JAI Jawa Satu Power","Thu Aug 08 2024 09:27:48 GMT+0700 (Western Indonesia Time)",,"051","26","5126","51026","2"
"5127","JAI Kijang Tanjung Pinang","Fri Aug 09 2024 09:27:48 GMT+0700 (Western Indonesia Time)",,"051","27","5127","51027","2"
"5128","JAI Nipa","Sat Aug 10 2024 09:27:48 GMT+0700 (Western Indonesia Time)",,"051","28","5128","51028","2"
"5129","JAI Laiwui","Sun Aug 11 2024 09:27:48 GMT+0700 (Western Indonesia Time)",,"051","29","5129","51029","2"
"4000","SPMT","Mon Jul 15 2024 09:27:48 GMT+0700 (Western Indonesia Time)",,"04","0","4100","41000","2"
"4201","PTP HEAD OFFICE","Mon Aug 12 2024 09:27:48 GMT+0700 (Western Indonesia Time)",,"042","0","4201","42001","2"
"4202","PTP Tanjung Priok","Tue Aug 13 2024 09:27:48 GMT+0700 (Western Indonesia Time)",,"042","2","4202","42002","2"
"4203","PTP Panjang","Wed Aug 14 2024 09:27:48 GMT+0700 (Western Indonesia Time)",,"042","3","4203","42003","2"
"4204","PTP Teluk Bayur","Thu Aug 15 2024 09:27:48 GMT+0700 (Western Indonesia Time)",,"042","4","4204","42004","2"
"4205","PTP Palembang","Fri Aug 16 2024 09:27:48 GMT+0700 (Western Indonesia Time)",,"042","5","4205","42005","2"
"4206","PTP Pontianak","Sat Aug 17 2024 09:27:48 GMT+0700 (Western Indonesia Time)",,"042","6","4206","42006","2"
"4207","PTP Cirebon","Sun Aug 18 2024 09:27:48 GMT+0700 (Western Indonesia Time)",,"042","7","4207","42007","2"
"4208","PTP Banten","Mon Aug 19 2024 09:27:48 GMT+0700 (Western Indonesia Time)",,"042","8","4208","42008","2"
"4209","PTP Bengkulu","Tue Aug 20 2024 09:27:48 GMT+0700 (Western Indonesia Time)",,"042","9","4209","42009","2"
"4210","PTP Jambi","Wed Aug 21 2024 09:27:48 GMT+0700 (Western Indonesia Time)",,"042","10","4210","42010","2"
"4211","PTP Pangkal Balam","Thu Aug 22 2024 09:27:48 GMT+0700 (Western Indonesia Time)",,"042","11","4211","42011","2"
"4212","PTP Tanjung Pandan","Fri Aug 23 2024 09:27:48 GMT+0700 (Western Indonesia Time)",,"042","12","4212","42012","2"
"4213","PTP Kijing","Sat Aug 24 2024 09:27:48 GMT+0700 (Western Indonesia Time)",,"042","13","4213","42013","2"
"4101","IKT HEAD OFFICE","Sun Aug 25 2024 09:27:48 GMT+0700 (Western Indonesia Time)",,"041","0","4101","41001","2"
"4102","IKT Tanjung Priok","Mon Aug 26 2024 09:27:48 GMT+0700 (Western Indonesia Time)",,"041","2","4102","41002","2"
"4103","IKT MKO MTKI","Tue Aug 27 2024 09:27:48 GMT+0700 (Western Indonesia Time)",,"041","3","4103","41011","2"
"4104","IKT Pontianak","Wed Aug 28 2024 09:27:48 GMT+0700 (Western Indonesia Time)",,"041","4","4104","41012","2"
"4105","IKT Belawan","Thu Aug 29 2024 09:27:48 GMT+0700 (Western Indonesia Time)",,"041","5","4105","41013","2"
"4106","IKT Makassar","Fri Aug 30 2024 09:27:48 GMT+0700 (Western Indonesia Time)",,"041","6","4106","41014","2"
"4107","IKT Semayang","Sat Aug 31 2024 09:27:48 GMT+0700 (Western Indonesia Time)",,"041","7","4107","41015","2"
"7101","ILCS HEAD OFFICE","Sun Sep 01 2024 09:27:48 GMT+0700 (Western Indonesia Time)",,"071","0","7101","71001","2"
"7102","ILCS Medan","Mon Sep 02 2024 09:27:48 GMT+0700 (Western Indonesia Time)",,"071","2","7102","71001","2"
"7103","ILCS Surabaya","Tue Sep 03 2024 09:27:48 GMT+0700 (Western Indonesia Time)",,"071","3","7103","71001","2"
"7104","ILCS Makassar","Wed Sep 04 2024 09:27:48 GMT+0700 (Western Indonesia Time)",,"071","4","7104","71001","2"
"7105","ILCS Jakarta","Thu Sep 05 2024 09:27:48 GMT+0700 (Western Indonesia Time)",,"071","5","7105","71001","2"
"7201","PMLI HEAD OFFICE","Fri Sep 06 2024 09:27:48 GMT+0700 (Western Indonesia Time)",,"072","0","7201","72001","2"
"7202","PMLI ACC","Sat Sep 07 2024 09:27:48 GMT+0700 (Western Indonesia Time)",,"072","2","72010","72002","2"
"7203","PMLI Learning","Sun Sep 08 2024 09:27:48 GMT+0700 (Western Indonesia Time)",,"072","3","72010","72003","2"
"7204","PMLI Residence & MIC","Mon Sep 09 2024 09:27:48 GMT+0700 (Western Indonesia Time)",,"072","4","72010","72004","2"
"7205","PMLI KM","Tue Sep 10 2024 09:27:48 GMT+0700 (Western Indonesia Time)",,"072","5","72010","72005","2"
"7206","PMLI FE QHSSE","Wed Sep 11 2024 09:27:48 GMT+0700 (Western Indonesia Time)",,"072","6","72010","72006","2"
"6001","SPSL HEAD OFFICE","Thu Sep 12 2024 09:27:48 GMT+0700 (Western Indonesia Time)",,"06","0","6001","60101","2"
"P454","MAKASSAR NEW PORT","Wed Jul 17 2024 17:18:01 GMT+0700 (Western Indonesia Time)",,"67","30","25020","20527","1"
"3001","KANTOR PUSAT PT SPTP","Thu Oct 10 2024 09:27:48 GMT+0700 (Western Indonesia Time)",,"03","0","3001","30101","2"
"3002","SPTP TPK Banjarmasin","Thu Oct 10 2024 09:27:48 GMT+0700 (Western Indonesia Time)",,"03","2","3002","30102","2"
"3003","SPTP TPK Semarang","Thu Oct 10 2024 09:27:48 GMT+0700 (Western Indonesia Time)",,"03","3","3003","30103","2"
"3004","SPTP TPK Perawang","Thu Oct 10 2024 09:27:48 GMT+0700 (Western Indonesia Time)",,"03","4","3004","30104","2"
"3005","SPTP TPK Tarakan","Thu Oct 10 2024 09:27:48 GMT+0700 (Western Indonesia Time)",,"03","5","3005","30105","2"
"3006","SPTP TPK New Makassar","Thu Oct 10 2024 09:27:48 GMT+0700 (Western Indonesia Time)",,"03","6","3006","30106","2"
"3007","SPTP TPK Kupang","Thu Oct 10 2024 09:27:48 GMT+0700 (Western Indonesia Time)",,"03","7","3007","30107","2"
"3008","SPTP TPK Pantoloan","Thu Oct 10 2024 09:27:48 GMT+0700 (Western Indonesia Time)",,"03","8","3008","30108","2"
"3009","SPTP TPK Bitung","Thu Oct 10 2024 09:27:48 GMT+0700 (Western Indonesia Time)",,"03","9","3009","30109","2"
"3010","SPTP TPK Kendari","Thu Oct 10 2024 09:27:48 GMT+0700 (Western Indonesia Time)",,"03","10","3010","30110","2"
"3011","SPTP TPK Bagendang Bumiharjo","Thu Oct 10 2024 09:27:48 GMT+0700 (Western Indonesia Time)",,"03","11","3011","30111","2"
"3012","SPTP TPK Ambon","Thu Oct 10 2024 09:27:48 GMT+0700 (Western Indonesia Time)",,"03","12","3012","30112","2"
"3013","SPTP TPK Ternate","Thu Oct 10 2024 09:27:48 GMT+0700 (Western Indonesia Time)",,"03","13","3013","30113","2"
"3014","SPTP TPK Jayapura","Thu Oct 10 2024 09:27:48 GMT+0700 (Western Indonesia Time)",,"03","14","3014","30114","2"
"3015","SPTP TPK Sorong","Thu Oct 10 2024 09:27:48 GMT+0700 (Western Indonesia Time)",,"03","15","3015","30115","2"
"3016","SPTP TPK Merauke","Thu Oct 10 2024 09:27:48 GMT+0700 (Western Indonesia Time)",,"03","16","3016","30116","2"
"3017","SPTP TPK Nilam","Thu Oct 10 2024 09:27:48 GMT+0700 (Western Indonesia Time)",,"03","17","3017","30117","2"
"3019","SPTP Teluk Lamong","Thu Oct 10 2024 09:27:48 GMT+0700 (Western Indonesia Time)",,"03","19","3001","30119","2"
"3021","SPTP TPK Belawan","Thu Oct 10 2024 09:27:48 GMT+0700 (Western Indonesia Time)",,"03","21","3001","30121","2"
"3022","SPTP TPK Nabire","Thu Oct 10 2024 09:27:48 GMT+0700 (Western Indonesia Time)",,"03","22","3001","30122","2"
"3081","SPTP TPK Bagendang","Thu Oct 10 2024 09:27:48 GMT+0700 (Western Indonesia Time)",,"03","81","3001","30181","2"
"3086","SPTP TPK 1 New Makassar","Thu Oct 10 2024 09:27:48 GMT+0700 (Western Indonesia Time)",,"03","86","3001","30186","2"
"3091","SPTP TPK Bumiharjo","Thu Oct 10 2024 09:27:48 GMT+0700 (Western Indonesia Time)",,"03","91","3001","30191","2"
"3096","SPTP TPK 2 New Makassar","Thu Oct 10 2024 09:27:48 GMT+0700 (Western Indonesia Time)",,"03","96","3001","30196","2"
"3201","KANTOR PUSAT PT TPS","Thu Oct 10 2024 09:27:48 GMT+0700 (Western Indonesia Time)",,"032","0","3201","32001","2"
"3301","KANTOR PUSAT PT TTL","Thu Oct 10 2024 09:27:48 GMT+0700 (Western Indonesia Time)",,"033","0","3301","33001","2"
"3302","TTL Banjarmasin","Thu Oct 10 2024 09:27:48 GMT+0700 (Western Indonesia Time)",,"033","2","3302","33002","2"
"3303","TTL Semarang","Thu Oct 10 2024 09:27:48 GMT+0700 (Western Indonesia Time)",,"033","3","3303","33003","2"
"3304","TTL Perawang","Thu Oct 10 2024 09:27:48 GMT+0700 (Western Indonesia Time)",,"033","4","3304","33004","2"
"3305","TTL Tarakan","Thu Oct 10 2024 09:27:48 GMT+0700 (Western Indonesia Time)",,"033","5","3305","33005","2"
"3306","TTL New Makassar","Thu Oct 10 2024 09:27:48 GMT+0700 (Western Indonesia Time)",,"033","6","3306","33006","2"
"3307","TTL Kupang","Thu Oct 10 2024 09:27:48 GMT+0700 (Western Indonesia Time)",,"033","7","3307","33007","2"
"3308","TTL Pantoloan","Thu Oct 10 2024 09:27:48 GMT+0700 (Western Indonesia Time)",,"033","8","3308","33008","2"
"3309","TTL Bitung","Thu Oct 10 2024 09:27:48 GMT+0700 (Western Indonesia Time)",,"033","9","3309","33009","2"
"3310","TTL Kendari","Thu Oct 10 2024 09:27:48 GMT+0700 (Western Indonesia Time)",,"033","10","3310","33010","2"
"3311","TTL Bagendang Bumiharjo","Thu Oct 10 2024 09:27:48 GMT+0700 (Western Indonesia Time)",,"033","11","3311","33011","2"
"3312","TTL Ambon","Thu Oct 10 2024 09:27:48 GMT+0700 (Western Indonesia Time)",,"033","12","3312","33012","2"
"3313","TTL Ternate","Thu Oct 10 2024 09:27:48 GMT+0700 (Western Indonesia Time)",,"033","13","3313","33013","2"
"3314","TTL Jayapura","Thu Oct 10 2024 09:27:48 GMT+0700 (Western Indonesia Time)",,"033","14","3314","33014","2"
"3315","TTL Sorong","Thu Oct 10 2024 09:27:48 GMT+0700 (Western Indonesia Time)",,"033","15","3315","33015","2"
"3316","TTL Merauke","Thu Oct 10 2024 09:27:48 GMT+0700 (Western Indonesia Time)",,"033","16","3316","33016","2"
"3317","TTL Nilam","Thu Oct 10 2024 09:27:48 GMT+0700 (Western Indonesia Time)",,"033","17","3317","33017","2"
"3321","TTL Belawan","Thu Oct 10 2024 09:27:48 GMT+0700 (Western Indonesia Time)",,"033","21","3301","33021","2"
"3381","TTL Bagendang","Thu Oct 10 2024 09:27:48 GMT+0700 (Western Indonesia Time)",,"033","81","3301","33081","2"
"3386","TTL 1 New Makassar","Thu Oct 10 2024 09:27:48 GMT+0700 (Western Indonesia Time)",,"033","86","3301","33086","2"
"3391","TTL Bumiharjo","Thu Oct 10 2024 09:27:48 GMT+0700 (Western Indonesia Time)",,"033","91","3301","33091","2"
"3396","TTL 2 New Makassar","Thu Oct 10 2024 09:27:48 GMT+0700 (Western Indonesia Time)",,"033","96","3301","33096","2"
"5701","KANTOR PUSAT PT LEGI","Thu Oct 10 2024 09:27:48 GMT+0700 (Western Indonesia Time)",,"057","0","5701","57001","2"
"5702","LEGI Tanjung Perak","Thu Oct 10 2024 09:27:48 GMT+0700 (Western Indonesia Time)",,"057","2","5702","57339","2"
"5703","LEGI TPS","Thu Oct 10 2024 09:27:48 GMT+0700 (Western Indonesia Time)",,"057","3","5703","57336","2"
"5704","LEGI Tanjung Emas","Thu Oct 10 2024 09:27:48 GMT+0700 (Western Indonesia Time)",,"057","4","5704","57311","2"
"5705","LEGI TPKS","Thu Oct 10 2024 09:27:48 GMT+0700 (Western Indonesia Time)",,"057","5","5705","57313","2"
"5706","LEGI Banjarmasin","Thu Oct 10 2024 09:27:48 GMT+0700 (Western Indonesia Time)",,"057","6","5706","57326","2"
"5707","LEGI Belawan","Thu Oct 10 2024 09:27:48 GMT+0700 (Western Indonesia Time)",,"057","7","5707","57102","2"
"5708","LEGI Terminal Teluk Lamong","Thu Oct 10 2024 09:27:48 GMT+0700 (Western Indonesia Time)",,"057","8","5708","57305","2"
"5709","LEGI Kupang","Thu Oct 10 2024 09:27:48 GMT+0700 (Western Indonesia Time)",,"057","9","5709","57321","2"
"5710","LEGI Benoa","Thu Oct 10 2024 09:27:48 GMT+0700 (Western Indonesia Time)",,"057","10","5710","57315","2"
"5711","LEGI Cilacap","Thu Oct 10 2024 09:27:48 GMT+0700 (Western Indonesia Time)",,"057","11","5711","57314","2"
"5712","LEGI Gresik","Thu Oct 10 2024 09:27:48 GMT+0700 (Western Indonesia Time)",,"057","12","5712","57307","2"
"5713","LEGI Banyuwangi","Thu Oct 10 2024 09:27:48 GMT+0700 (Western Indonesia Time)",,"057","13","5713","57310","2"
"5714","LEGI Bagendang","Thu Oct 10 2024 09:27:48 GMT+0700 (Western Indonesia Time)",,"057","14","5714","57333","2"
"5715","LEGI Sampit","Thu Oct 10 2024 09:27:48 GMT+0700 (Western Indonesia Time)",,"057","15","5715","57332","2"
"5722","LEGI Tanjung Priok","Thu Oct 10 2024 09:27:48 GMT+0700 (Western Indonesia Time)",,"057","22","5722","57202","2"
"5729","LEGI Banten","Thu Oct 10 2024 09:27:48 GMT+0700 (Western Indonesia Time)",,"057","29","5729","57209","2"
"5741","LEGI Kendari","Thu Oct 10 2024 09:27:48 GMT+0700 (Western Indonesia Time)",,"057","41","5741","57411","2"
"5742","LEGI Makassar","Thu Oct 10 2024 09:27:48 GMT+0700 (Western Indonesia Time)",,"057","42","5742","57402","2"
"5743","LEGI Pantoloan","Thu Oct 10 2024 09:27:48 GMT+0700 (Western Indonesia Time)",,"057","43","5743","57417","2"
"5744","LEGI Manokwari","Thu Oct 10 2024 09:27:48 GMT+0700 (Western Indonesia Time)",,"057","44","5744","57416","2"
"5745","LEGI Bitung","Thu Oct 10 2024 09:27:48 GMT+0700 (Western Indonesia Time)",,"057","45","5745","57405","2"
"5746","LEGI Ambon","Thu Oct 10 2024 09:27:48 GMT+0700 (Western Indonesia Time)",,"057","46","5746","57406","2"
"5747","LEGI Sorong","Thu Oct 10 2024 09:27:48 GMT+0700 (Western Indonesia Time)",,"057","47","5747","57407","2"
"5748","LEGI Jayapura","Thu Oct 10 2024 09:27:48 GMT+0700 (Western Indonesia Time)",,"057","48","5748","57408","2"
"5749","LEGI Merauke","Thu Oct 10 2024 09:27:48 GMT+0700 (Western Indonesia Time)",,"057","49","5749","57415","2"
"7211","KANTOR PUSAT PT PDS","Thu Oct 10 2024 09:27:48 GMT+0700 (Western Indonesia Time)",,"073","0","7211","72101","2"
"7212","PDS Regional Jawa","Thu Oct 10 2024 09:27:48 GMT+0700 (Western Indonesia Time)",,"073","2","7212","72102","2"
"7213","PDS Regional Jakarta","Thu Oct 10 2024 09:27:48 GMT+0700 (Western Indonesia Time)",,"073","3","7213","72103","2"
"7214","PDS Regional Sumatra","Thu Oct 10 2024 09:27:48 GMT+0700 (Western Indonesia Time)",,"073","4","7214","72104","2"
"7215","PDS Regional Kalimantan","Thu Oct 10 2024 09:27:48 GMT+0700 (Western Indonesia Time)",,"073","5","7215","72105","2"
"7216","PDS Regional Bali Nusra","Thu Oct 10 2024 09:27:48 GMT+0700 (Western Indonesia Time)",,"073","6","7216","72106","2"
"7217","PDS Regional Sulawesi","Thu Oct 10 2024 09:27:48 GMT+0700 (Western Indonesia Time)",,"073","7","7217","72107","2"
"3101","PT IPC TPK HEAD OFFICE","Tue Aug 20 2024 09:27:48 GMT+0700 (Western Indonesia Time)",,"031","0","3101","31001","2"
"3102","IPC TPK Cab Tanjung Priok I","Tue Aug 20 2024 09:27:48 GMT+0700 (Western Indonesia Time)",,"031","2","3102","31002","2"
"3103","IPC TPK Cabang Tj Priok II","Tue Aug 20 2024 09:27:48 GMT+0700 (Western Indonesia Time)",,"031","3","3103","31003","2"
"3104","IPC TPK Terminal Support","Tue Aug 20 2024 09:27:48 GMT+0700 (Western Indonesia Time)",,"031","4","3104","31004","2"
"3105","IPC TPK Cabang Pontianak","Tue Aug 20 2024 09:27:48 GMT+0700 (Western Indonesia Time)",,"031","5","3105","31005","2"
"3106","IPC TPK Cabang Palembang","Tue Aug 20 2024 09:27:48 GMT+0700 (Western Indonesia Time)",,"031","6","3106","31006","2"
"3107","IPC TPK Cabang Panjang","Tue Aug 20 2024 09:27:48 GMT+0700 (Western Indonesia Time)",,"031","7","3107","31007","2"
"3108","IPC TPK Cabang Teluk Bayur","Tue Aug 20 2024 09:27:48 GMT+0700 (Western Indonesia Time)",,"031","8","3108","31008","2"
"3109","IPC TPK Cabang Jambi","Tue Aug 20 2024 09:27:48 GMT+0700 (Western Indonesia Time)",,"031","9","3109","31009","2"
"3110","IPC TPK Cabang Pangkal Balam","Tue Aug 20 2024 09:27:48 GMT+0700 (Western Indonesia Time)",,"031","10","3110","31010","2"
"5501","PT EPI HEAD OFFICE","Tue Aug 20 2024 09:27:48 GMT+0700 (Western Indonesia Time)",,"055","0","5501","55001","2"
"5502","EPI Tanjung Priok","Tue Aug 20 2024 09:27:48 GMT+0700 (Western Indonesia Time)",,"055","2","55010","55002","2"
"5503","EPI Panjang","Tue Aug 20 2024 09:27:48 GMT+0700 (Western Indonesia Time)",,"055","3","55010","55003","2"
"5505","EPI Palembang","Tue Aug 20 2024 09:27:48 GMT+0700 (Western Indonesia Time)",,"055","5","55010","55005","2"
"5506","EPI Pontianak","Tue Aug 20 2024 09:27:48 GMT+0700 (Western Indonesia Time)",,"055","6","55010","55006","2"
"5508","EPI Sunda Kelapa","Tue Aug 20 2024 09:27:48 GMT+0700 (Western Indonesia Time)",,"055","8","55010","55008","2"
"5509","EPI Cirebon","Tue Aug 20 2024 09:27:48 GMT+0700 (Western Indonesia Time)",,"055","9","55010","55009","2"
"5510","EPI Makassar","Tue Aug 20 2024 09:27:48 GMT+0700 (Western Indonesia Time)",,"055","10","55010","55010","2"
"5601","JPPI HEAD OFFICE","Tue Aug 20 2024 09:27:48 GMT+0700 (Western Indonesia Time)",,"056","0","5601","56001","2"
"5602","JPPI Site Area Jakarta 1","Tue Aug 20 2024 09:27:48 GMT+0700 (Western Indonesia Time)",,"056","2","5602","56002","2"
"5603","JPPI Site Area Jakarta 2","Tue Aug 20 2024 09:27:48 GMT+0700 (Western Indonesia Time)",,"056","3","5603","56003","2"
"5604","JPPI Site Area Jakarta 3","Tue Aug 20 2024 09:27:48 GMT+0700 (Western Indonesia Time)",,"056","4","5604","56004","2"
"5605","JPPI Site Area Jakarta 5","Tue Aug 20 2024 09:27:48 GMT+0700 (Western Indonesia Time)",,"056","5","5605","56005","2"
"5606","JPPI Site Banten","Tue Aug 20 2024 09:27:48 GMT+0700 (Western Indonesia Time)",,"056","6","5606","56006","2"
"5607","JPPI Site Cirebon","Tue Aug 20 2024 09:27:48 GMT+0700 (Western Indonesia Time)",,"056","7","5607","56007","2"
"5608","JPPI Site Lampung","Tue Aug 20 2024 09:27:48 GMT+0700 (Western Indonesia Time)",,"056","8","5608","56008","2"
"5609","JPPI Site Palembang","Tue Aug 20 2024 09:27:48 GMT+0700 (Western Indonesia Time)",,"056","9","5609","56009","2"
"5610","JPPI Site Bengkulu","Tue Aug 20 2024 09:27:48 GMT+0700 (Western Indonesia Time)",,"056","10","5610","56010","2"
"5611","JPPI Site Jambi","Tue Aug 20 2024 09:27:48 GMT+0700 (Western Indonesia Time)",,"056","11","5611","56011","2"
"5612","JPPI Site Padang","Tue Aug 20 2024 09:27:48 GMT+0700 (Western Indonesia Time)",,"056","12","5612","56012","2"
"5613","JPPI Site TjPandan&PBalam","Tue Aug 20 2024 09:27:48 GMT+0700 (Western Indonesia Time)",,"056","13","5613","56013","2"
"5614","JPPI Site Pontianak","Tue Aug 20 2024 09:27:48 GMT+0700 (Western Indonesia Time)",,"056","14","5614","56014","2"
"5615","JPPI Site Galangan Jkt","Tue Aug 20 2024 09:27:48 GMT+0700 (Western Indonesia Time)",,"056","15","5615","56015","2"
"6201","PT MTI HEAD OFFICE","Tue Aug 20 2024 09:27:48 GMT+0700 (Western Indonesia Time)",,"062","0","6201","62001","2"
"6220","MTI Logistik Regional 1","Tue Aug 20 2024 09:27:48 GMT+0700 (Western Indonesia Time)",,"062","20","6202","62020","2"
"6221","MTI Area Freight Frwardg","Tue Aug 20 2024 09:27:48 GMT+0700 (Western Indonesia Time)",,"062","21","62020","62021","2"
"6222","MTI Area Alat B/M","Tue Aug 20 2024 09:27:48 GMT+0700 (Western Indonesia Time)",,"062","22","62020","62022","2"
"6223","MTI Area BO","Tue Aug 20 2024 09:27:48 GMT+0700 (Western Indonesia Time)",,"062","23","62020","62023","2"
"6224","MTI Area CDC Banda","Tue Aug 20 2024 09:27:48 GMT+0700 (Western Indonesia Time)",,"062","24","62020","62024","2"
"6225","MTI Area 215X","Tue Aug 20 2024 09:27:48 GMT+0700 (Western Indonesia Time)",,"062","25","62020","62025","2"
"6226","MTI Area Utep Pasoso","Tue Aug 20 2024 09:27:48 GMT+0700 (Western Indonesia Time)",,"062","26","62020","62026","2"
"6227","MTI Area HLC","Tue Aug 20 2024 09:27:48 GMT+0700 (Western Indonesia Time)",,"062","27","62020","62027","2"
"6228","MTI Area Common","Tue Aug 20 2024 09:27:48 GMT+0700 (Western Indonesia Time)",,"062","28","62020","62028","2"
"6229","MTI Area 221X","Tue Aug 20 2024 09:27:48 GMT+0700 (Western Indonesia Time)",,"062","29","62020","62029","2"
"6230","MTI Area 225X","Tue Aug 20 2024 09:27:48 GMT+0700 (Western Indonesia Time)",,"062","30","62020","62030","2"
"6231","MTI Area EKS.TJETOT","Tue Aug 20 2024 09:27:48 GMT+0700 (Western Indonesia Time)",,"062","31","62020","62031","2"
"6232","MTI Area Lap Ex Trisari","Tue Aug 20 2024 09:27:48 GMT+0700 (Western Indonesia Time)",,"062","32","62020","62032","2"
"6233","MTI Area Lap Ex Glorius","Tue Aug 20 2024 09:27:48 GMT+0700 (Western Indonesia Time)",,"062","33","62020","62033","2"
"6234","MTI Area Gudang Ex Arsa","Tue Aug 20 2024 09:27:48 GMT+0700 (Western Indonesia Time)",,"062","34","62020","62034","2"
"6235","MTI Area Lap Ex Arsa","Tue Aug 20 2024 09:27:48 GMT+0700 (Western Indonesia Time)",,"062","35","62020","62035","2"
"6236","MTI Area Lap 005S","Tue Aug 20 2024 09:27:48 GMT+0700 (Western Indonesia Time)",,"062","36","62020","62036","2"
"6250","MTI Logistik Regional 2","Tue Aug 20 2024 09:27:48 GMT+0700 (Western Indonesia Time)",,"062","50","6203","62050","2"
"6251","MTI Area BO","Tue Aug 20 2024 09:27:48 GMT+0700 (Western Indonesia Time)",,"062","51","62030","62051","2"
"6252","MTI Area Surabaya","Tue Aug 20 2024 09:27:48 GMT+0700 (Western Indonesia Time)",,"062","52","62030","62052","2"
"6253","MTI Area Semarang","Tue Aug 20 2024 09:27:48 GMT+0700 (Western Indonesia Time)",,"062","53","62030","62053","2"
"6254","MTI Area LapCY Tg.Emas","Tue Aug 20 2024 09:27:48 GMT+0700 (Western Indonesia Time)",,"062","54","62030","62054","2"
"6255","MTI Area Lap FumgasiTMas","Tue Aug 20 2024 09:27:48 GMT+0700 (Western Indonesia Time)",,"062","55","62030","62055","2"
"6256","MTI Area Bali","Tue Aug 20 2024 09:27:48 GMT+0700 (Western Indonesia Time)",,"062","56","62030","62056","2"
"6257","MTI Area Pontianak","Tue Aug 20 2024 09:27:48 GMT+0700 (Western Indonesia Time)",,"062","57","62030","62057","2"
"6258","MTI Area Makassar","Tue Aug 20 2024 09:27:48 GMT+0700 (Western Indonesia Time)",,"062","58","62030","62058","2"
"6259","MTI Area Depo Unggul Sby","Tue Aug 20 2024 09:27:48 GMT+0700 (Western Indonesia Time)",,"062","59","62030","62059","2"
"6260","MTI Area Gudang CFS Sby","Tue Aug 20 2024 09:27:48 GMT+0700 (Western Indonesia Time)",,"062","60","62030","62060","2"
"6261","MTI Area Eks Plb Tj Mas","Tue Aug 20 2024 09:27:48 GMT+0700 (Western Indonesia Time)",,"062","61","62030","62061","2"
"6262","MTI Area Konsolidasi Sby","Tue Aug 20 2024 09:27:48 GMT+0700 (Western Indonesia Time)",,"062","62","62030","62062","2"
"6263","Area Lap CCDC Ambon","Tue Aug 20 2024 09:27:48 GMT+0700 (Western Indonesia Time)",,"062","63","62030","62063","2"
"6264","MTI Area Lapangan CCDC 2","Tue Aug 20 2024 09:27:48 GMT+0700 (Western Indonesia Time)",,"062","64","62030","62064","2"
"6265","MTI Area Lapangan CCDC 4","Tue Aug 20 2024 09:27:48 GMT+0700 (Western Indonesia Time)",,"062","65","62030","62065","2"
"6266","MTI Area Lap Banjarmasin","Tue Aug 20 2024 09:27:48 GMT+0700 (Western Indonesia Time)",,"062","66","62030","62066","2"
"6280","MTI Logistik Regional 3","Tue Aug 20 2024 09:27:48 GMT+0700 (Western Indonesia Time)",,"062","80","6204","62080","2"
"6281","MTI Area BO","Tue Aug 20 2024 09:27:48 GMT+0700 (Western Indonesia Time)",,"062","81","62040","62081","2"
"6282","MTI Area Jambi","Tue Aug 20 2024 09:27:48 GMT+0700 (Western Indonesia Time)",,"062","82","62040","62082","2"
"6283","MTI Area Palembang","Tue Aug 20 2024 09:27:48 GMT+0700 (Western Indonesia Time)",,"062","83","62040","62083","2"
"6284","MTI Area Tanjung Pandan","Tue Aug 20 2024 09:27:48 GMT+0700 (Western Indonesia Time)",,"062","84","62040","62084","2"
"6285","MTI Area Lampung","Tue Aug 20 2024 09:27:48 GMT+0700 (Western Indonesia Time)",,"062","85","62040","62085","2"
"6286","MTI Area Padang","Tue Aug 20 2024 09:27:48 GMT+0700 (Western Indonesia Time)",,"062","86","62040","62086","2"
"6287","MTI Area Natuna","Tue Aug 20 2024 09:27:48 GMT+0700 (Western Indonesia Time)",,"062","87","62040","62087","2"
"P401","REGIONAL 4","Fri May 24 2019 00:00:00 GMT+0700 (Western Indonesia Time)",,"67","0","2501","20501","1"
"P402","CABANG MAKASSAR","Fri May 24 2019 00:00:00 GMT+0700 (Western Indonesia Time)",,"67","1","2502","20502","1"
"P403","TERMINAL PETIKEMAS MAKASSAR","Fri May 24 2019 00:00:00 GMT+0700 (Western Indonesia Time)",,"67","26","25020","20525","1"
"P404","CABANG SAMARINDA","Fri May 24 2019 00:00:00 GMT+0700 (Western Indonesia Time)",,"67","6","2503","20503","1"
"P405","CABANG BALIKPAPAN","Fri May 24 2019 00:00:00 GMT+0700 (Western Indonesia Time)",,"67","2","2504","20504","1"
"P406","CABANG BITUNG","Fri May 24 2019 00:00:00 GMT+0700 (Western Indonesia Time)",,"67","4","2505","20505","1"
"P407","TERMINAL PETIKEMAS BITUNG","Fri May 24 2019 00:00:00 GMT+0700 (Western Indonesia Time)",,"67","28","25020","20526","1"
"P408","CABANG AMBON","Fri May 24 2019 00:00:00 GMT+0700 (Western Indonesia Time)",,"67","7","2506","20506","1"
"P409","CABANG SORONG","Fri May 24 2019 00:00:00 GMT+0700 (Western Indonesia Time)",,"67","9","2507","20507","1"
"P410","CABANG JAYAPURA","Fri May 24 2019 00:00:00 GMT+0700 (Western Indonesia Time)",,"67","10","2508","20508","1"
"P411","CABANG TARAKAN","Fri May 24 2019 00:00:00 GMT+0700 (Western Indonesia Time)",,"67","11","2509","20509","1"
"P412","CABANG PANTOLOAN","Fri May 24 2019 00:00:00 GMT+0700 (Western Indonesia Time)",,"67","12","2517","20517","1"
"P413","CABANG TERNATE","Fri May 24 2019 00:00:00 GMT+0700 (Western Indonesia Time)",,"67","14","2510","20510","1"
"P414","CABANG KENDARI","Fri May 24 2019 00:00:00 GMT+0700 (Western Indonesia Time)",,"67","16","2511","20511","1"
"P415","CABANG BONTANG & LHOKTUAN","Fri May 24 2019 00:00:00 GMT+0700 (Western Indonesia Time)",,"67","23","2512","20512","1"
"P416","CABANG PAREPARE","Fri May 24 2019 00:00:00 GMT+0700 (Western Indonesia Time)",,"67","15","2513","20513","1"
"P417","CABANG BIAK","Fri May 24 2019 00:00:00 GMT+0700 (Western Indonesia Time)",,"67","17","2514","20514","1"
"P418","CABANG MERAUKE","Fri May 24 2019 00:00:00 GMT+0700 (Western Indonesia Time)",,"67","18","2515","20515","1"
"P419","CABANG MANOKWARI","Fri May 24 2019 00:00:00 GMT+0700 (Western Indonesia Time)",,"67","19","2516","20516","1"
"P420","CABANG NUNUKAN","Fri May 24 2019 00:00:00 GMT+0700 (Western Indonesia Time)",,"67","22","2522","20522","1"
"P421","CABANG TANJUNG REDEB","Fri May 24 2019 00:00:00 GMT+0700 (Western Indonesia Time)",,"67","27","2524","20524","1"
"P422","CABANG GORONTALO","Fri May 24 2019 00:00:00 GMT+0700 (Western Indonesia Time)",,"67","21","2518","20518","1"
"P423","CABANG FAKFAK","Fri May 24 2019 00:00:00 GMT+0700 (Western Indonesia Time)",,"67","20","2519","20519","1"
"P424","CABANG TOLITOLI","Fri May 24 2019 00:00:00 GMT+0700 (Western Indonesia Time)",,"67","13","2520","20520","1"
"P425","CABANG MANADO","Fri May 24 2019 00:00:00 GMT+0700 (Western Indonesia Time)",,"67","5","2521","20521","1"
"P426","UPK SANGATTA","Fri May 24 2019 00:00:00 GMT+0700 (Western Indonesia Time)",,"67","24","2523","20523","1"
"P427","SBU MARINE SERVICE","Fri May 24 2019 00:00:00 GMT+0700 (Western Indonesia Time)",,"67","29","20528","20528","1"
"P428","SBU PROPERTI NON KEPELABUHAN","Fri May 24 2019 00:00:00 GMT+0700 (Western Indonesia Time)",,"67",,,,"1"
"P429","SBU KETENAGAKERJAAN","Fri May 24 2019 00:00:00 GMT+0700 (Western Indonesia Time)",,"67",,,,"1"
"P451","ANPER KKT","Fri May 24 2019 00:00:00 GMT+0700 (Western Indonesia Time)",,"67",,,,"1"
"P452","ANPER EII","Fri May 24 2019 00:00:00 GMT+0700 (Western Indonesia Time)",,"67",,,,"1"
"P453","ANPER NTS","Fri May 24 2019 00:00:00 GMT+0700 (Western Indonesia Time)",,"67",,,,"1"
"P499","DUMMY","Wed Aug 07 2019 00:00:00 GMT+0700 (Western Indonesia Time)",,"67",,,,"1"
"P300","REGIONAL 3","Thu Jun 15 2023 00:00:00 GMT+0700 (Western Indonesia Time)",,"66","0","1011","12101","1"
"P343","TERMINAL NILAM MIRAH","Tue Jun 27 2023 14:03:01 GMT+0700 (Western Indonesia Time)",,"660","122","1023","12204","1"
"P344","KAWASAN PANARUKAN","Tue Jun 27 2023 14:07:42 GMT+0700 (Western Indonesia Time)",,"66","123","1042","20702","1"
"P345","PANGKALAN BUN","Tue Jun 27 2023 14:09:34 GMT+0700 (Western Indonesia Time)",,"66","124","1183","20707","1"
"P346","SUB REGIONAL JAWA TIMUR","Tue Jun 27 2023 14:12:57 GMT+0700 (Western Indonesia Time)",,"660","301","1020","12201","1"
"P347","KAWASAN PASURUAN","Tue Jun 27 2023 14:12:57 GMT+0700 (Western Indonesia Time)",,"66","126","1043","20703","1"
"P348","KAWASAN BASIRI","Tue Jun 27 2023 14:12:57 GMT+0700 (Western Indonesia Time)",,"66","127","1155","20708","1"
"P349","KAWASAN KUALA KAPUAS","Tue Jun 27 2023 14:12:57 GMT+0700 (Western Indonesia Time)",,"66","128","1153","20705","1"
"P350","SUB REGIONAL JAWA TENGAH","Tue Jun 27 2023 14:12:57 GMT+0700 (Western Indonesia Time)",,"660","8","1060","20706","1"
"P351","KAWASAN SATUI","Tue Jun 27 2023 14:12:57 GMT+0700 (Western Indonesia Time)",,"66","130","1166","20701","1"
"P352","KAWASAN IPPI","Tue Jun 27 2023 14:12:57 GMT+0700 (Western Indonesia Time)",,"66","131","1145","20704","1"
"P353","SUB REGIONAL KALIMANTAN","Tue Jun 27 2023 14:12:57 GMT+0700 (Western Indonesia Time)",,"662","0","1160","12501","1"
"P354","SUB REGIONAL BALI NUSRA","Tue Jun 27 2023 14:12:57 GMT+0700 (Western Indonesia Time)",,"663","0","1090","12401","1"
"P101","HEAD OFFICE REGIONAL 1","Thu May 25 2023 10:43:33 GMT+0700 (Western Indonesia Time)",,"72","0","2201","20201","1"
"P102","CABANG BELAWAN","Thu May 25 2023 10:43:33 GMT+0700 (Western Indonesia Time)",,"72","60","2202","20202","1"
"P103","KAWASAN PANGKALAN SUSU","Thu May 25 2023 10:43:33 GMT+0700 (Western Indonesia Time)",,"72","37","2203","20203","1"
"P104","CABANG DUMAI","Thu May 25 2023 10:43:33 GMT+0700 (Western Indonesia Time)",,"72","71","2204","20204","1"
"P105","KAWASAN BENGKALIS   ","Thu May 25 2023 10:43:33 GMT+0700 (Western Indonesia Time)",,"72","26","2205","20205","1"
"P106","KAWASAN BAGAN SIAPI-API","Thu May 25 2023 10:43:33 GMT+0700 (Western Indonesia Time)",,"72","101","2206","20206","1"
"P107","CABANG TANJUNG PINANG","Thu May 25 2023 10:43:33 GMT+0700 (Western Indonesia Time)",,"72","41","2207","20207","1"
"P108","KAWASAN SEI KOLAK KIJANG  ","Thu May 25 2023 10:43:33 GMT+0700 (Western Indonesia Time)",,"72","102","2208","20208","1"
"P109","KAWASAN TANJUNG UBAN","Thu May 25 2023 10:43:33 GMT+0700 (Western Indonesia Time)",,"72","104","2209","20209","1"
"P110","CABANG PEKANBARU","Thu May 25 2023 10:43:33 GMT+0700 (Western Indonesia Time)",,"72","42","2210","20210","1"
"P111","CABANG TANJUNG BALAI KARIMUN","Thu May 25 2023 10:43:33 GMT+0700 (Western Indonesia Time)",,"72","43","2211","20211","1"
"P112","KAWASAN SELAT PANJANG  ","Thu May 25 2023 10:43:33 GMT+0700 (Western Indonesia Time)",,"72","46","2212","20212","1"
"P113","CABANG KUALA TANJUNG ","Thu May 25 2023 10:43:33 GMT+0700 (Western Indonesia Time)",,"72","36","2213","20213","1"
"P114","CABANG PELABUHAN BATAM","Thu May 25 2023 10:43:33 GMT+0700 (Western Indonesia Time)",,"72","103","2214","20214","1"
"P115","KAWASAN SAMBU","Thu May 25 2023 10:43:33 GMT+0700 (Western Indonesia Time)",,"72","47","2215","20215","1"
"P116","CABANG PELABUHAN SEI PAKNING ","Thu May 25 2023 10:43:33 GMT+0700 (Western Indonesia Time)",,"72","105","2216","20216","1"
"P117","CABANG PELABUHAN SIBOLGA ","Thu May 25 2023 10:43:33 GMT+0700 (Western Indonesia Time)",,"72","106","2217","20217","1"
"P118","CABANG PELABUHAN MALAHAYATI","Thu May 25 2023 10:43:33 GMT+0700 (Western Indonesia Time)",,"72","48","2218","20218","1"
"P119","KAWASAN MELABOH","Thu May 25 2023 10:43:33 GMT+0700 (Western Indonesia Time)",,"72","49","2219","20219","1"
"P120","CABANG PELABUHAN LHOKSEUMAWE","Thu May 25 2023 10:43:33 GMT+0700 (Western Indonesia Time)",,"72","50","2220","20220","1"
"P121","KAWASAN KUALA LANGSA","Thu May 25 2023 10:43:33 GMT+0700 (Western Indonesia Time)",,"72","55","2221","20221","1"
"P122","CABANG PELABUHAN TG. BALAI ASAHAN","Thu May 25 2023 10:43:33 GMT+0700 (Western Indonesia Time)",,"72","38","2222","20222","1"
"P123","CABANG TEMBILAHAN","Thu May 25 2023 10:43:33 GMT+0700 (Western Indonesia Time)",,"72","59","2223","20223","1"
"P124","KAWASAN KUALA ENOK","Thu May 25 2023 10:43:33 GMT+0700 (Western Indonesia Time)",,"72","23","2224","20224","1"
"P125","KAWASAN RENGAT","Thu May 25 2023 10:43:33 GMT+0700 (Western Indonesia Time)",,"72","75","2225","20225","1"
"P126","CABANG PELABUHAN GUNUNG SITOLI","Thu May 25 2023 10:43:33 GMT+0700 (Western Indonesia Time)",,"72","28","2226","20226","1"
"P127","UNIT GALANGAN KAPAL","Thu May 25 2023 10:43:33 GMT+0700 (Western Indonesia Time)",,"72","107","2227","20227","1"
"P128","CABANG TPK BELAWAN","Thu May 25 2023 10:43:33 GMT+0700 (Western Indonesia Time)",,"72","60","2228","20228","1"
"P201","HEAD OFFICE REGIONAL 2 ","Thu May 25 2023 10:43:33 GMT+0700 (Western Indonesia Time)",,"65","0","2301","20301","1"
"P202","CABANG TANJUNG PRIOK","Thu May 25 2023 10:43:33 GMT+0700 (Western Indonesia Time)",,"65","201","2302","20302","1"
"P203","CABANG PANJANG","Thu May 25 2023 10:43:33 GMT+0700 (Western Indonesia Time)",,"65","202","2303","20303","1"
"P204","CABANG TELUK BAYUR","Thu May 25 2023 10:43:33 GMT+0700 (Western Indonesia Time)",,"65","203","2304","20304","1"
"P205","CABANG PALEMBANG","Thu May 25 2023 10:43:33 GMT+0700 (Western Indonesia Time)",,"65","204","2305","20305","1"
"P206","CABANG PONTIANAK","Thu May 25 2023 10:43:33 GMT+0700 (Western Indonesia Time)",,"65","205","2306","20306","1"
"P207","CABANG CIREBON ","Thu May 25 2023 10:43:33 GMT+0700 (Western Indonesia Time)",,"65","206","2307","20307","1"
"P208","CABANG SUNDA KELAPA","Thu May 25 2023 10:43:33 GMT+0700 (Western Indonesia Time)",,"65","207","2308","20308","1"
"P209","CABANG BANTEN","Thu May 25 2023 10:43:33 GMT+0700 (Western Indonesia Time)",,"65","208","2309","20309","1"
"P210","CABANG BENGKULU","Thu May 25 2023 10:43:33 GMT+0700 (Western Indonesia Time)",,"65","209","2310","20310","1"
"P211","CABANG JAMBI","Thu May 25 2023 10:43:33 GMT+0700 (Western Indonesia Time)",,"65","210","2311","20311","1"
"P212","CABANG PANGKAL BALAM  ","Thu May 25 2023 10:43:33 GMT+0700 (Western Indonesia Time)",,"65","211","2312","20312","1"
"P213","CABANG TANJUNG PANDAN","Thu May 25 2023 10:43:33 GMT+0700 (Western Indonesia Time)",,"65","212","2313","20313","1"
"P214","KAWASAN TERMINAL KIJING ","Thu May 25 2023 10:43:33 GMT+0700 (Western Indonesia Time)",,"65","213","23060","20314","1"
"P215","KAWASAN SINTETE","Thu May 25 2023 10:43:33 GMT+0700 (Western Indonesia Time)",,"65","214","23060","20315","1"
"P216","KAWASAN KETAPANG","Thu May 25 2023 10:43:33 GMT+0700 (Western Indonesia Time)",,"65","215","23060","20316","1"
"P217","KAWASAN BOJONEGORO  ","Thu May 25 2023 10:43:33 GMT+0700 (Western Indonesia Time)",,"65","216","23090","20317","1"
"P218","KAWASAN MUARA SABAK","Thu May 25 2023 10:43:33 GMT+0700 (Western Indonesia Time)",,"65","217","23110","20318","1"
"P219","KAWASAN KUALA TUNGKAL","Thu May 25 2023 10:43:33 GMT+0700 (Western Indonesia Time)",,"65","218","23110","20319","1"
"P220","KAWASAN MUNTOK","Thu May 25 2023 10:43:33 GMT+0700 (Western Indonesia Time)",,"65","219","23120","20320","1"
"P221","KAWASAN PERAIRAN MANGGAR-BELITUNG TIMUR","Thu May 25 2023 10:43:33 GMT+0700 (Western Indonesia Time)",,"65","220","23130","20321","1"
"P302","PROPERTY TANJUNG PERAK","Thu May 25 2023 10:43:33 GMT+0700 (Western Indonesia Time)",,"66","2","10210","12202","1"
"P303","SUB REGIONAL JAWA","Thu May 25 2023 10:43:33 GMT+0700 (Western Indonesia Time)",,"660","0","1021","12203","1"
"P305","JAMRUD","Thu May 25 2023 10:43:33 GMT+0700 (Western Indonesia Time)",,"660","302","1022","12205","1"
"P306","KALIMAS","Thu May 25 2023 10:43:33 GMT+0700 (Western Indonesia Time)",,"660","88","1024","12206","1"
"P307","TELUK LAMONG","Thu May 25 2023 10:43:33 GMT+0700 (Western Indonesia Time)",,"660","96","10210","12207","1"
"P308","APBS","Thu May 25 2023 10:43:33 GMT+0700 (Western Indonesia Time)",,"660","95","10210","12208","1"
"P309","GRESIK","Thu May 25 2023 10:43:33 GMT+0700 (Western Indonesia Time)",,"660","3","1031","12209","1"
"P310","KALIANGET","Thu May 25 2023 10:43:33 GMT+0700 (Western Indonesia Time)",,"660","8","1032","12210","1"
"P311","TG TEMBAGA","Thu May 25 2023 10:43:33 GMT+0700 (Western Indonesia Time)",,"660","303","1041","12211","1"
"P312","PATIMBAN","Thu May 25 2023 10:43:33 GMT+0700 (Western Indonesia Time)",,"660","304","10210","12212","1"
"P313","TANJUNG WANGI","Thu May 25 2023 10:43:33 GMT+0700 (Western Indonesia Time)",,"660","7","1051","12213","1"
"P315","TANJUNG EMAS","Thu May 25 2023 10:43:33 GMT+0700 (Western Indonesia Time)",,"660","9","1061","12302","1"
"P316","TEGAL","Thu May 25 2023 10:43:33 GMT+0700 (Western Indonesia Time)",,"660","10","1062","12303","1"
"P317","TPKS","Thu May 25 2023 10:43:33 GMT+0700 (Western Indonesia Time)",,"660","305","1071","12304","1"
"P318","TANJUNG INTAN","Thu May 25 2023 10:43:33 GMT+0700 (Western Indonesia Time)",,"660","11","1081","12305","1"
"P320","BENOA","Thu May 25 2023 10:43:33 GMT+0700 (Western Indonesia Time)",,"663","12","1091","12402","1"
"P321","CELUKAN BAWANG","Thu May 25 2023 10:43:33 GMT+0700 (Western Indonesia Time)",,"663","14","1101","12403","1"
"P323","LEMBAR","Thu May 25 2023 10:43:33 GMT+0700 (Western Indonesia Time)",,"663","15","1111","12405","1"
"P324","BIMA","Thu May 25 2023 10:43:33 GMT+0700 (Western Indonesia Time)",,"663","17","1121","12406","1"
"P325","BADAS","Thu May 25 2023 10:43:33 GMT+0700 (Western Indonesia Time)",,"663","16","1122","12407","1"
"P326","MAUMERE","Thu May 25 2023 10:43:33 GMT+0700 (Western Indonesia Time)",,"663","21","1131","12408","1"
"P327","KUPANG","Thu May 25 2023 10:43:33 GMT+0700 (Western Indonesia Time)",,"663","18","1141","12409","1"
"P328","ENDE-IPPI","Thu May 25 2023 10:43:33 GMT+0700 (Western Indonesia Time)",,"663","20","1144","12410","1"
"P329","WAINGAPU","Thu May 25 2023 10:43:33 GMT+0700 (Western Indonesia Time)",,"663","19","1143","12411","1"
"P330","KALABAHI","Thu May 25 2023 10:43:33 GMT+0700 (Western Indonesia Time)",,"663","34","1142","12412","1"
"P331","LABUAN BAJO","Thu May 25 2023 10:43:33 GMT+0700 (Western Indonesia Time)",,"663","22","1146","12413","1"
"P333","TPKB","Thu May 25 2023 10:43:33 GMT+0700 (Western Indonesia Time)",,"662","306","1156","12502","1"
"P334","TRISAKTI","Thu May 25 2023 10:43:33 GMT+0700 (Western Indonesia Time)",,"662","307","1151","12503","1"
"P335","PULANG PISAU","Thu May 25 2023 10:43:33 GMT+0700 (Western Indonesia Time)",,"662","27","1152","12504","1"
"P336","KOTABARU","Thu May 25 2023 10:43:33 GMT+0700 (Western Indonesia Time)",,"662","25","1161","12505","1"
"P337","BATU LICIN","Thu May 25 2023 10:43:33 GMT+0700 (Western Indonesia Time)",,"662","52","1162","12506","1"
"P338","MEKAR PUTIH","Thu May 25 2023 10:43:33 GMT+0700 (Western Indonesia Time)",,"662","307","1163","12507","1"
"P339","SAMPIT","Thu May 25 2023 10:43:33 GMT+0700 (Western Indonesia Time)",,"662","29","1171","12508","1"
"P340","BAGENDANG","Thu May 25 2023 10:43:33 GMT+0700 (Western Indonesia Time)",,"662","758","1174","12509","1"
"P341","KUMAI","Thu May 25 2023 10:43:33 GMT+0700 (Western Indonesia Time)",,"662","31","1181","12510","1"
"P342","BUMIHARJO","Thu May 25 2023 10:43:33 GMT+0700 (Western Indonesia Time)",,"662","33","1182","12511","1"
"HO","HEAD OFFICE","Thu May 25 2023 00:00:00 GMT+0700 (Western Indonesia Time)",,"0","0","2011","20101","1"