ID,START_DATE,END_DATE,STATUS,CREATED_BY,CREATED_ON,KONFIRM1_BY,KONFIRM1_ON,KONFIRM_BY,KONFIRM_ON,KODE_CABANG,ID_USER
"47","Thu Aug 01 2024 00:00:00 GMT+0700 (Western Indonesia Time)","Fri Aug 30 2024 00:00:00 GMT+0700 (Western Indonesia Time)","1","JAI CABANG TANJUNG PRIOK","Wed Aug 14 2024 10:11:11 GMT+0700 (Western Indonesia Time)",,,,,"5102","404"
"10","Mon Nov 20 2023 00:00:00 GMT+0700 (Western Indonesia Time)","Thu Nov 30 2023 00:00:00 GMT+0700 (Western Indonesia Time)","3","BENNY NAPITUPULU","Fri Nov 17 2023 16:09:42 GMT+0700 (Western Indonesia Time)",,,"FRINS APUL SIMARMATA","Mon Nov 20 2023 11:01:57 GMT+0700 (Western Indonesia Time)","2210","314"
"11","Mon Nov 20 2023 00:00:00 GMT+0700 (Western Indonesia Time)","Thu Nov 30 2023 00:00:00 GMT+0700 (Western Indonesia Time)","3","MUSRIFAH","Mon Nov 20 2023 07:00:08 GMT+0700 (Western Indonesia Time)",,,"FRINS APUL SIMARMATA","Wed Nov 29 2023 14:55:42 GMT+0700 (Western Indonesia Time)","2501","144"
"12","Mon Nov 20 2023 00:00:00 GMT+0700 (Western Indonesia Time)","Thu Nov 30 2023 00:00:00 GMT+0700 (Western Indonesia Time)","3","FAHRURROZI L. TOBING","Mon Nov 20 2023 11:12:55 GMT+0700 (Western Indonesia Time)",,,"FRINS APUL SIMARMATA","Mon Nov 20 2023 11:14:15 GMT+0700 (Western Indonesia Time)","2218","119"
"13","Tue Nov 21 2023 00:00:00 GMT+0700 (Western Indonesia Time)","Thu Nov 30 2023 00:00:00 GMT+0700 (Western Indonesia Time)","3","ZAINUDDIN","Mon Nov 20 2023 14:14:44 GMT+0700 (Western Indonesia Time)",,,"FRINS APUL SIMARMATA","Mon Nov 20 2023 15:39:32 GMT+0700 (Western Indonesia Time)","2201","313"
"14","Mon Nov 20 2023 00:00:00 GMT+0700 (Western Indonesia Time)","Thu Nov 30 2023 00:00:00 GMT+0700 (Western Indonesia Time)","3","ANDRI EDWIN","Mon Nov 20 2023 15:05:28 GMT+0700 (Western Indonesia Time)",,,"FRINS APUL SIMARMATA","Mon Nov 20 2023 15:39:35 GMT+0700 (Western Indonesia Time)","2204","3"
"21","Sat Dec 16 2023 00:00:00 GMT+0700 (Western Indonesia Time)","Sun Dec 31 2023 00:00:00 GMT+0700 (Western Indonesia Time)","0","MANGARA HATUAON PATAR LUMBANTOBING","Sun Dec 17 2023 15:37:45 GMT+0700 (Western Indonesia Time)",,,"BAGUS BAYUAJI","Mon Dec 18 2023 09:59:39 GMT+0700 (Western Indonesia Time)","2207","208"
"18","Wed Nov 01 2023 00:00:00 GMT+0700 (Western Indonesia Time)","Thu Nov 30 2023 00:00:00 GMT+0700 (Western Indonesia Time)","3","ANDOHARJADI EZER PURBA","Fri Nov 24 2023 10:09:49 GMT+0700 (Western Indonesia Time)",,,"FRINS APUL SIMARMATA","Mon Nov 27 2023 09:02:55 GMT+0700 (Western Indonesia Time)","2226","163"
"22","Fri Sep 01 2023 00:00:00 GMT+0700 (Western Indonesia Time)","Sun Mar 31 2024 00:00:00 GMT+0700 (Western Indonesia Time)","0","MUCHAMAD MAULANA ALFANI","Mon Dec 18 2023 09:12:51 GMT+0700 (Western Indonesia Time)",,,"BAGUS BAYUAJI","Mon Dec 18 2023 09:59:24 GMT+0700 (Western Indonesia Time)","1011","242"
"32","Mon Jan 15 2024 00:00:00 GMT+0700 (Western Indonesia Time)","Wed Jan 31 2024 00:00:00 GMT+0700 (Western Indonesia Time)","3","MITA SARI","Mon Jan 15 2024 12:09:48 GMT+0700 (Western Indonesia Time)",,,"DIANA PUJI LESTARI","Mon Jan 15 2024 15:10:55 GMT+0700 (Western Indonesia Time)","2307","162"
"20","Fri Dec 01 2023 00:00:00 GMT+0700 (Western Indonesia Time)","Fri Dec 15 2023 00:00:00 GMT+0700 (Western Indonesia Time)","3","MANGARA HATUAON PATAR LUMBANTOBING","Fri Dec 01 2023 07:59:28 GMT+0700 (Western Indonesia Time)",,,"BAGUS BAYUAJI","Fri Dec 01 2023 13:35:35 GMT+0700 (Western Indonesia Time)","2207","208"
"34","Wed Feb 07 2024 00:00:00 GMT+0700 (Western Indonesia Time)","Sun Mar 31 2024 00:00:00 GMT+0700 (Western Indonesia Time)","0","PANJI TRI WIDYATMOKO","Wed Feb 07 2024 11:18:18 GMT+0700 (Western Indonesia Time)",,,"BAGUS BAYUAJI","Wed Feb 07 2024 11:18:47 GMT+0700 (Western Indonesia Time)","2301","122"
"5","Mon Nov 20 2023 00:00:00 GMT+0700 (Western Indonesia Time)","Thu Nov 30 2023 00:00:00 GMT+0700 (Western Indonesia Time)","3","DEIKY R.I KARAMOY","Thu Nov 16 2023 12:39:58 GMT+0700 (Western Indonesia Time)",,,"FRINS APUL SIMARMATA","Mon Nov 20 2023 10:59:51 GMT+0700 (Western Indonesia Time)","2512","315"
"35","Wed Feb 07 2024 00:00:00 GMT+0700 (Western Indonesia Time)","Sun Mar 31 2024 00:00:00 GMT+0700 (Western Indonesia Time)","0","PANJI TRI WIDYATMOKO","Wed Feb 07 2024 11:18:41 GMT+0700 (Western Indonesia Time)",,,"BAGUS BAYUAJI","Wed Feb 07 2024 11:20:00 GMT+0700 (Western Indonesia Time)","2302","122"
"7","Mon Nov 20 2023 00:00:00 GMT+0700 (Western Indonesia Time)","Wed Nov 29 2023 00:00:00 GMT+0700 (Western Indonesia Time)","0","ZAINUDDIN","Thu Nov 16 2023 16:47:07 GMT+0700 (Western Indonesia Time)",,,"FRINS APUL SIMARMATA","Thu Nov 16 2023 16:48:09 GMT+0700 (Western Indonesia Time)","2201","313"
"15","Wed Nov 22 2023 00:00:00 GMT+0700 (Western Indonesia Time)","Thu Nov 30 2023 00:00:00 GMT+0700 (Western Indonesia Time)","3","MANGARA HATUAON PATAR LUMBANTOBING","Mon Nov 20 2023 22:33:13 GMT+0700 (Western Indonesia Time)",,,"FRINS APUL SIMARMATA","Tue Nov 21 2023 09:39:52 GMT+0700 (Western Indonesia Time)","2207","208"
"25","Fri Dec 22 2023 00:00:00 GMT+0700 (Western Indonesia Time)","Fri Dec 29 2023 00:00:00 GMT+0700 (Western Indonesia Time)","3","ADITYAWAN ANTONIO","Fri Dec 22 2023 14:39:04 GMT+0700 (Western Indonesia Time)",,,"DIANA PUJI LESTARI","Fri Dec 22 2023 14:41:40 GMT+0700 (Western Indonesia Time)","2308","117"
"33","Thu Feb 01 2024 00:00:00 GMT+0700 (Western Indonesia Time)","Sun Mar 31 2024 00:00:00 GMT+0700 (Western Indonesia Time)","3","ILHAM RESTU SAPUTRA","Tue Jan 30 2024 14:27:42 GMT+0700 (Western Indonesia Time)",,,"DIANA PUJI LESTARI","Wed Jan 31 2024 17:12:35 GMT+0700 (Western Indonesia Time)","2302","328"
"46","Thu Aug 01 2024 00:00:00 GMT+0700 (Western Indonesia Time)","Tue Aug 13 2024 00:00:00 GMT+0700 (Western Indonesia Time)","3","JAI HEAD OFFICE","Mon Aug 12 2024 16:56:56 GMT+0700 (Western Indonesia Time)","JAI HEAD OFFICE","Mon Aug 12 2024 16:57:08 GMT+0700 (Western Indonesia Time)",,,"5101","403"
"1","Sun Oct 01 2023 00:00:00 GMT+0700 (Western Indonesia Time)","Tue Oct 31 2023 00:00:00 GMT+0700 (Western Indonesia Time)","0","WARDHANI PUDJI RAHMANTO","Tue Oct 24 2023 15:15:22 GMT+0700 (Western Indonesia Time)",,,"FRINS APUL SIMARMATA","Wed Oct 25 2023 17:24:53 GMT+0700 (Western Indonesia Time)","1090","196"
"29","Mon Jan 01 2024 00:00:00 GMT+0700 (Western Indonesia Time)","Wed Jan 31 2024 00:00:00 GMT+0700 (Western Indonesia Time)","3","ILHAM RESTU SAPUTRA","Wed Jan 03 2024 14:12:41 GMT+0700 (Western Indonesia Time)",,,"DIANA PUJI LESTARI","Wed Jan 03 2024 14:21:55 GMT+0700 (Western Indonesia Time)","2302","328"
"8","Mon Nov 20 2023 00:00:00 GMT+0700 (Western Indonesia Time)","Thu Nov 30 2023 00:00:00 GMT+0700 (Western Indonesia Time)","3","ENDANG SRINENGSIH","Fri Nov 17 2023 13:55:04 GMT+0700 (Western Indonesia Time)",,,"FRINS APUL SIMARMATA","Mon Nov 20 2023 10:59:49 GMT+0700 (Western Indonesia Time)","2517","251"
"9","Thu Jun 01 2023 00:00:00 GMT+0700 (Western Indonesia Time)","Fri Jun 30 2023 00:00:00 GMT+0700 (Western Indonesia Time)","0","ENDANG SRINENGSIH","Fri Nov 17 2023 14:20:45 GMT+0700 (Western Indonesia Time)",,,"FRINS APUL SIMARMATA","Wed Nov 29 2023 14:55:56 GMT+0700 (Western Indonesia Time)","2517","251"
"28","Thu Dec 28 2023 00:00:00 GMT+0700 (Western Indonesia Time)","Sun Dec 31 2023 00:00:00 GMT+0700 (Western Indonesia Time)","3","MIRIANTO","Wed Dec 27 2023 15:54:22 GMT+0700 (Western Indonesia Time)",,,"DIANA PUJI LESTARI","Thu Dec 28 2023 10:50:00 GMT+0700 (Western Indonesia Time)","2301","140"
"16","Tue Nov 21 2023 00:00:00 GMT+0700 (Western Indonesia Time)","Thu Nov 30 2023 00:00:00 GMT+0700 (Western Indonesia Time)","3","PRATOMO GALANG WICAKSONO","Tue Nov 21 2023 09:19:18 GMT+0700 (Western Indonesia Time)",,,"FRINS APUL SIMARMATA","Tue Nov 21 2023 09:39:50 GMT+0700 (Western Indonesia Time)","2204","360"
"3","Thu Nov 16 2023 00:00:00 GMT+0700 (Western Indonesia Time)","Thu Nov 30 2023 00:00:00 GMT+0700 (Western Indonesia Time)","3","MITA SARI","Wed Nov 15 2023 11:18:10 GMT+0700 (Western Indonesia Time)",,,"DIANA PUJI LESTARI","Wed Nov 15 2023 13:31:58 GMT+0700 (Western Indonesia Time)","2307","162"
"23","Thu Dec 21 2023 00:00:00 GMT+0700 (Western Indonesia Time)","Sun Dec 31 2023 00:00:00 GMT+0700 (Western Indonesia Time)","3","ILHAM RESTU SAPUTRA","Thu Dec 21 2023 13:54:11 GMT+0700 (Western Indonesia Time)",,,"DIANA PUJI LESTARI","Thu Dec 21 2023 13:54:41 GMT+0700 (Western Indonesia Time)","2302","328"
"24","Thu Dec 21 2023 00:00:00 GMT+0700 (Western Indonesia Time)","Sun Dec 31 2023 00:00:00 GMT+0700 (Western Indonesia Time)","3","YON RIVAI","Thu Dec 21 2023 13:54:13 GMT+0700 (Western Indonesia Time)",,,"DIANA PUJI LESTARI","Thu Dec 21 2023 13:54:55 GMT+0700 (Western Indonesia Time)","2302","379"
"27","Wed Dec 27 2023 00:00:00 GMT+0700 (Western Indonesia Time)","Fri Dec 29 2023 00:00:00 GMT+0700 (Western Indonesia Time)","3","BENNY NAPITUPULU","Wed Dec 27 2023 11:08:14 GMT+0700 (Western Indonesia Time)",,,"DIANA PUJI LESTARI","Thu Dec 28 2023 10:49:09 GMT+0700 (Western Indonesia Time)","2210","314"
"30","Thu Sep 14 2023 00:00:00 GMT+0700 (Western Indonesia Time)","Fri Sep 22 2023 00:00:00 GMT+0700 (Western Indonesia Time)","0","MIRIANTO","Wed Jan 10 2024 08:23:17 GMT+0700 (Western Indonesia Time)",,,"FRINS APUL SIMARMATA","Tue Jan 16 2024 14:35:02 GMT+0700 (Western Indonesia Time)","2301","140"
"45","Wed Jul 17 2024 00:00:00 GMT+0700 (Western Indonesia Time)","Thu Jul 18 2024 00:00:00 GMT+0700 (Western Indonesia Time)","3","JAI CABANG TANJUNG PRIOK","Wed Jul 17 2024 17:37:27 GMT+0700 (Western Indonesia Time)","JAI HEAD OFFICE","Wed Jul 17 2024 17:38:25 GMT+0700 (Western Indonesia Time)",,,"5102","404"