ID,START_DATE,END_DATE,CREATED_BY,CREATED_ON
"5","Thu Aug 01 2024 00:00:00 GMT+0700 (Western Indonesia Time)","Sat Aug 31 2024 00:00:00 GMT+0700 (Western Indonesia Time)","FRINS APUL SIMARMATA","Wed Aug 14 2024 10:12:55 GMT+0700 (Western Indonesia Time)"
"6","Thu Nov 21 2024 00:00:00 GMT+0700 (Western Indonesia Time)","Tue Dec 31 2024 00:00:00 GMT+0700 (Western Indonesia Time)","FRINS APUL SIMARMATA","Thu Nov 21 2024 15:24:51 GMT+0700 (Western Indonesia Time)"
"7","Fri Mar 01 2024 00:00:00 GMT+0700 (Western Indonesia Time)","Tue Apr 30 2024 00:00:00 GMT+0700 (Western Indonesia Time)","FRINS APUL SIMARMATA","Wed Mar 26 2025 11:21:13 GMT+0700 (Western Indonesia Time)"
"0","Wed Sep 27 2023 00:00:00 GMT+0700 (Western Indonesia Time)","Wed Nov 15 2023 00:00:00 GMT+0700 (Western Indonesia Time)","DIANA PUJI LESTARI","Tue Sep 26 2023 16:49:43 GMT+0700 (Western Indonesia Time)"
"3","Mon Dec 18 2023 00:00:00 GMT+0700 (Western Indonesia Time)","Wed Dec 20 2023 00:00:00 GMT+0700 (Western Indonesia Time)","BAGUS BAYUAJI","Mon Dec 18 2023 09:58:39 GMT+0700 (Western Indonesia Time)"
"4","Thu Dec 28 2023 00:00:00 GMT+0700 (Western Indonesia Time)","Sun Dec 31 2023 00:00:00 GMT+0700 (Western Indonesia Time)","FRINS APUL SIMARMATA","Thu Dec 28 2023 15:30:32 GMT+0700 (Western Indonesia Time)"
"1","Mon Jul 01 2024 00:00:00 GMT+0700 (Western Indonesia Time)","Sat Jul 20 2024 00:00:00 GMT+0700 (Western Indonesia Time)","FRINS APUL SIMARMATA","Tue Nov 21 2023 09:34:11 GMT+0700 (Western Indonesia Time)"