ID,NAME,EMAIL,EMAIL_VERIFIED_AT,PASSWORD,REMEMBER_TOKEN,CREATED_AT,UPDATED_AT,ID_CABANG,ID_ROLE,STATUS,API_TOKEN,KODE_REGIONAL
"150","ALFIAN ACHMAD","100343",,,,"Wed Sep 20 2023 14:53:19 GMT+0700 (Western Indonesia Time)","Mon Feb 26 2024 11:43:03 GMT+0700 (Western Indonesia Time)","2511","3","A","R1x8zc0DtGvk6TuMBDkNuidx8KFea26HSZncGvI1","67"
"151","THAKBIR","102332",,,"HGcM9ZU4ODNeRffxdytJ7Aj8ZF1OTYuXuKgfImTIjnsGa0bE2BQbqGlSKVr9","Wed Sep 20 2023 14:57:10 GMT+0700 (Western Indonesia Time)","Fri Dec 15 2023 13:28:51 GMT+0700 (Western Indonesia Time)","2519","3","A","hN10VN0Li82IaSXHkJa1ho2zwyp3SocxDaswOSvH","67"
"152","AGA GHAZALIE","103289",,,"1aIAiYMvchD6dV2LW0fSLWBlT9oDA8LaIkeZZMgzAKXdCyUewIvpUfG0y3ai","Wed Sep 20 2023 14:59:44 GMT+0700 (Western Indonesia Time)","Thu Jan 25 2024 13:40:34 GMT+0700 (Western Indonesia Time)","2509","3","A","fwY2FdP56ZU1pIDP412YLlJR2U8xjXxZQZ7PUztR","67"
"153","HARDI NATA","103103",,,,"Wed Sep 20 2023 15:00:03 GMT+0700 (Western Indonesia Time)","Tue Oct 17 2023 13:59:16 GMT+0700 (Western Indonesia Time)","2304","3","A","jSkkQz4Q4CXB2IbRTMlX3OmJFr69nI0DOEMPmd7J","65"
"161","MARTEN LUTER DIMU KANA","19960302407",,,"nOdrFxUibP4V3lsasU1dThCLHhRALYbeEu0Bd6aTMvwFNndqxxgmv8MPGinN","Wed Sep 20 2023 16:49:43 GMT+0700 (Western Indonesia Time)","Thu Nov 09 2023 14:34:09 GMT+0700 (Western Indonesia Time)","1146","3","A","J4zm57ravx4k4wNGJoAhHwYc4WpZ3XyTA4ZW9tFP","663"
"177","JULIATIN","1786061210",,,"4d2xsxrXJDipMUkoklg7s3eAzVrFX9KX6KqAbQ9ElQEzppSfXTUOA6i0d9ho","Thu Sep 21 2023 10:06:51 GMT+0700 (Western Indonesia Time)","Mon Nov 20 2023 11:00:32 GMT+0700 (Western Indonesia Time)","1121","3","A","XYzpgOJrlKJbkF9jpi01QsqyAvD9lomfygTKuQqv","663"
"184","AMBARWATI LEGINA","104565",,,,"Thu Sep 21 2023 10:54:57 GMT+0700 (Western Indonesia Time)","Thu Sep 21 2023 10:54:57 GMT+0700 (Western Indonesia Time)","2309","3","A","AUeXfhgtHe0XFW99t1zuagUFJIUeWj2E5nSIdYUD","65"
"185","ANDI KHUSNUL KHATIMAH","106519",,,"t9YhRFbJu56LrRAHRvE7vKOFMnmTse704qgRrmuIoICyOcBTB0xTayUNn3YJ","Thu Sep 21 2023 10:55:50 GMT+0700 (Western Indonesia Time)","Mon Dec 18 2023 16:05:05 GMT+0700 (Western Indonesia Time)","1160","2","A","fksWB6nrpeNGAskbfbX75WfY531IZbLr9h8x0Lrt","662"
"186","M. ARIF WICAKSONO","0393102670",,,"pwkFDYBVKBRLchq4D8z5Xc2LNGWlAQoPhx59NUFanRzpdwgN6knxprbJRhFC","Thu Sep 21 2023 11:00:01 GMT+0700 (Western Indonesia Time)","Wed Jan 24 2024 12:45:13 GMT+0700 (Western Indonesia Time)","1020","2","A","BjLfXupnckfg2HZwxKYlSuwRn4wgHAdjmlgQnYWB","660"
"188","FAUZI ADITYA WAHYUDI","106122",,,,"Thu Sep 21 2023 11:09:57 GMT+0700 (Western Indonesia Time)","Mon Dec 18 2023 15:11:22 GMT+0700 (Western Indonesia Time)","1090","2","A","y22ujbXDxsdBNNJpB9QhV2C1sQMxuFCWJNvuJOk2","663"
"208","MANGARA HATUAON PATAR LUMBANTOBING","102546",,,"HVCYaLT0Rry1TAQxWBlQnggnp5O8SJmXJ7pCEBXxrWZZVmF28jnTOvCsRcxU","Thu Sep 21 2023 17:56:31 GMT+0700 (Western Indonesia Time)","Thu Feb 15 2024 23:36:28 GMT+0700 (Western Indonesia Time)","2207","3","A","IabMkE7rM6FTV30RHgd84JIg6jLzqXCJo70iZgHO","72"
"210","YEMI NOVACANDRASARI","0972111793",,,"MinneF68kr6eFG08OGTNyidmPAD44Fnu195u536hXYD8V227y2hsBUKOUFl2","Thu Sep 21 2023 19:58:57 GMT+0700 (Western Indonesia Time)","Thu Oct 05 2023 15:30:09 GMT+0700 (Western Indonesia Time)","1020","3","A","sy8r8qGrWlu9F2ND3oLyCMeEd5kjemZExP660XKg","660"
"223","ANDRI WAHYU HERMAWAN","104925",,,"wbP1Errlb7Wbtkry9taEq4KCnBAODsQiQT8MWwFd6jdW0PZfa3uM0JNsFusO","Fri Sep 22 2023 14:15:50 GMT+0700 (Western Indonesia Time)","Thu Nov 30 2023 14:15:57 GMT+0700 (Western Indonesia Time)","1160","2","A","qvlpbDQ8XMJSxjaBzYgbXhCDpbfgJv1K10j7oNoQ","662"
"225","GIONALDO MURRY NGURU MATA","1292023553",,,,"Mon Sep 25 2023 07:08:48 GMT+0700 (Western Indonesia Time)","Wed Oct 04 2023 07:27:57 GMT+0700 (Western Indonesia Time)","1143","3","A","BXMHPidYZn0dGj5uJwYNRLwrj99WPqQaWSS1R8Ro","663"
"232","IMAM MUNANDAR","107062",,,,"Mon Sep 25 2023 12:04:20 GMT+0700 (Western Indonesia Time)","Wed Dec 06 2023 12:32:19 GMT+0700 (Western Indonesia Time)","2213","3","A","4KrTLuUfrkaaO1c8P935nGtU9paWHMwQZmLWt9qC","72"
"238","DEISY NATALIA","104227",,,"5kt7nLO4A8CF1SDWZY13yUHR7ZCMk1HQ5sZ1yhOjCyIvRi8yhINAstZePcVw","Wed Sep 27 2023 14:11:20 GMT+0700 (Western Indonesia Time)","Wed Jan 03 2024 17:24:26 GMT+0700 (Western Indonesia Time)","2521","3","A","aveETN1yIAxlePa8qXzPHLwr7kD1wKZtYeszSsps","67"
"248","HIZKIA PANDHEGA","106936",,,,"Fri Sep 29 2023 11:25:01 GMT+0700 (Western Indonesia Time)","Thu Nov 09 2023 09:08:37 GMT+0700 (Western Indonesia Time)","1061","3","A","Aot2p4yKnZY5QAdoCGWVvkyiCZmugAABpoFoh3DK","660"
"250","MUHAMAD LUTHFI","104530",,,"TOqaCX9YmrT2QyKWhjx2Ly9hoLe4VOgvBZZkDygttUcHJTGzkjymp7zbIfki","Mon Oct 02 2023 09:25:17 GMT+0700 (Western Indonesia Time)","Mon Dec 18 2023 13:02:02 GMT+0700 (Western Indonesia Time)","2307","3","A","bYKoWwCzgl7N8JggqY7wX2wi0PdrmeMueEA4pwh3","65"
"251","ENDANG SRINENGSIH","105156",,,"QdqrDwUBE0Mc6FvAAsEo9wS2aq3wvccGWOQsIf7MtKFkgQEVByIX0FB0Vgjs","Mon Oct 02 2023 09:40:09 GMT+0700 (Western Indonesia Time)","Mon Feb 26 2024 12:04:44 GMT+0700 (Western Indonesia Time)","2517","3","A","D07ISzuSUTYpPDhMRsNkS1OdlVbsOt68xccGm6jb","67"
"254","DAVILINO RAYMOND YOHNIZ","103092",,,"N0dn04dhJ1M02bdNr49TS7khIF15a54HgRggj2CmoPqIOeZk9xFi831swwKj","Tue Oct 03 2023 09:36:10 GMT+0700 (Western Indonesia Time)","Tue Jan 30 2024 13:00:05 GMT+0700 (Western Indonesia Time)","2508","3","A","Q34ix1BFxxGJk9h1CMLtR8cLSDozs4XfgsH3Auc6","67"
"255","ANDI SUSILO","104202",,,"9fAmnLrUElqmId5AK20iNdXAMdns7zMdXn2IqBK0IyT25f9DF36qw62hz8ar","Tue Oct 03 2023 10:03:46 GMT+0700 (Western Indonesia Time)","Mon Nov 06 2023 15:07:05 GMT+0700 (Western Indonesia Time)","1160","2","A","Mq29aC8nYz6JAFJjEFnvTDCI42i9LGkn27bLIUgH","662"
"261","VIRANKY OCTAVIANUS","102555",,,,"Tue Oct 03 2023 11:33:36 GMT+0700 (Western Indonesia Time)","Tue Oct 03 2023 11:33:36 GMT+0700 (Western Indonesia Time)","2309","3","A","7x35R4XkacKQABi52iBRwbJpPX4XYmcWKdm0RZ2r","65"
"264","LIA MARCELIA AMIN","107268",,,,"Wed Oct 04 2023 00:14:09 GMT+0700 (Western Indonesia Time)","Wed Oct 04 2023 00:14:09 GMT+0700 (Western Indonesia Time)","2518","3","A","Z3NHrnnsvSxirFpHqDZDUhOf2jXDoalPRxMmkO85","67"
"265","SYUZANA","104046",,,,"Wed Oct 04 2023 08:04:01 GMT+0700 (Western Indonesia Time)","Wed Oct 04 2023 08:04:01 GMT+0700 (Western Indonesia Time)","2207","3","A","tbkkgDXuPQxhZdQiRBbuvVuS0KsjiXzUfFSNcZ6E","72"
"268","MUHAMMAD RAFII","0893100973",,,,"Wed Oct 04 2023 09:36:57 GMT+0700 (Western Indonesia Time)","Fri Oct 27 2023 10:35:27 GMT+0700 (Western Indonesia Time)","1160","3","A","Z2u6afLDzqUvXKCbW9uve9nPPw1IEtVFJLPTArMs","662"
"270","ANNISA LESTARI","106715",,,"NCFc5ONpL1J41j74P0G9Jdv3PG4sp9Uzx9qvWn9oEmhFeQHEzKMYkN3dv8Bw","Wed Oct 04 2023 10:49:55 GMT+0700 (Western Indonesia Time)","Wed Jan 10 2024 10:16:57 GMT+0700 (Western Indonesia Time)","2310","2","A","Euq2ah3XEKZkU3yUYN9bJ4SmhgZLtD2t2czCHLda","65"
"276","SOEMYANTO","1078011738",,,"w7fUY512eDo3leBXA4Y2dKlqj69SQmLVFOGohqedOphqx8aBXY6etyNn5MXK","Wed Oct 04 2023 15:07:34 GMT+0700 (Western Indonesia Time)","Wed Nov 15 2023 15:57:45 GMT+0700 (Western Indonesia Time)","1051","3","A","bB6B3o21cvvysiddYDLOe05KaMKp29QAl81EOYHe","660"
"277","Chrisna Aristantya Wibowo","19971201720",,,"ZJusuwqZfrd5Dcfv1Myc7B4yIjdd5dDqQjlM9FxchWoiBvWqjwf45BmeNL1E","Wed Oct 04 2023 15:22:08 GMT+0700 (Western Indonesia Time)","Thu Jan 04 2024 18:19:30 GMT+0700 (Western Indonesia Time)","1011","2","A","VZAWvHkDY1QLLCOTpPUA8VRInb7OnFFnKdUiHfnv","66"
"282","MUHAMMAD FAISAL","107191",,,,"Fri Oct 06 2023 11:15:51 GMT+0700 (Western Indonesia Time)","Wed Dec 20 2023 10:03:43 GMT+0700 (Western Indonesia Time)","1160","2","A","MHXJqqKp0aCcKVz82mz54sTuo70R60XlCBsBe6Cg","662"
"295","AGUS MULYANSYAH","100640",,,,"Tue Oct 10 2023 15:58:24 GMT+0700 (Western Indonesia Time)","Tue Oct 10 2023 15:58:24 GMT+0700 (Western Indonesia Time)","1160","2","A","HiR4wKBdGf4RKWjeeeIqMxwx1Tk7iYrR324S2EbQ","662"
"302","DIAN MARYASTUTI","103376",,,"n0Kr6Je8EYT29p00F1M67zOWvZkk1fQl1QkPtXAWBQdw9b0GgwGDbvK2n9mR","Thu Oct 12 2023 09:08:01 GMT+0700 (Western Indonesia Time)","Thu Dec 21 2023 11:28:42 GMT+0700 (Western Indonesia Time)","2305","2","A","sQrDafsBX8yOrMFPD19kM5g28mhD9zoSBVuRPlJT","65"
"303","SITI MUMPUNI","105895",,,,"Thu Oct 12 2023 09:08:23 GMT+0700 (Western Indonesia Time)","Thu Oct 12 2023 09:27:52 GMT+0700 (Western Indonesia Time)","1011","1","A","TIQTdc8ozDvH9b5Kaefmtzuk1BUO033d9coePtUq","66"
"305","MELINA RAHMANI","104603",,,"Fq8spbhUZBfsHsWd9H1y03iyfH0M24oS8pIMX99f7HDCgyMFp60mVEQZfMa6","Thu Oct 12 2023 09:26:31 GMT+0700 (Western Indonesia Time)","Mon Nov 27 2023 14:39:31 GMT+0700 (Western Indonesia Time)","1090","2","A","djY0nu9mhJ5VunsrFGJP3rUB6nJmM9aueZ3q20q8","663"
"306","LOVINA FAMIEZA","106289",,,,"Thu Oct 12 2023 09:33:12 GMT+0700 (Western Indonesia Time)","Thu Oct 12 2023 09:34:44 GMT+0700 (Western Indonesia Time)","2011","3","A","fvK9eGC4vIyBSAvJ46ecqVSyY8P4b0BQ3L6bng8R","0"
"309","ACHMAD FITRIANTORO","101972",,,,"Fri Oct 13 2023 08:18:39 GMT+0700 (Western Indonesia Time)","Tue Dec 19 2023 19:19:56 GMT+0700 (Western Indonesia Time)","2307","3","A","zG2tHXRkzQC29aC6CMdUoZNNMwchOtY32DVxDatx","65"
"310","DENIS PRATAMA","105109",,,,"Fri Oct 13 2023 09:04:59 GMT+0700 (Western Indonesia Time)","Fri Oct 13 2023 09:04:59 GMT+0700 (Western Indonesia Time)","2308","3","A","4nH6btUoSu3PlVAfrTlmqzO4TC3yH4yqyg2rkCjb","65"
"311","ABDUL LATIEF","101366",,,,"Fri Oct 13 2023 10:45:53 GMT+0700 (Western Indonesia Time)","Thu Feb 15 2024 17:30:14 GMT+0700 (Western Indonesia Time)","2011","1","A","LigVF6rZHxKfDVqkPZPvIS3qVrd20ARKKQpwDau3","0"
"312","AL MUHID AHYA","105514",,,,"Fri Oct 13 2023 10:52:42 GMT+0700 (Western Indonesia Time)","Fri Oct 13 2023 10:52:42 GMT+0700 (Western Indonesia Time)","1090","2","A","HzGkqjgPTNixgofx9LrvbymRYy3thSPmq10P1qRM","663"
"314","BENNY NAPITUPULU","102129",,,"CtMUphcLAB0JLQs0pOOlXMbpQUFIGpn5pmLmTqyiE421ap1tpy4NfxICsrmE","Mon Oct 16 2023 14:17:08 GMT+0700 (Western Indonesia Time)","Tue Jan 23 2024 14:15:20 GMT+0700 (Western Indonesia Time)","2210","3","A","yaF8rzjt4vLAzaXv91CCPvwsCzCeYbAeWhmBnPl3","72"
"315","DEIKY R.I KARAMOY","101732",,,,"Tue Oct 17 2023 09:08:44 GMT+0700 (Western Indonesia Time)","Tue Nov 28 2023 10:26:04 GMT+0700 (Western Indonesia Time)","2512","3","A","4wgzWB8thyQJS2iUF9oLV1mAwuftQI3VvzsAQqSJ","67"
"316","ROKHMAD IRFAN SUSANTO","104496",,,,"Tue Oct 17 2023 10:01:42 GMT+0700 (Western Indonesia Time)","Tue Oct 17 2023 10:01:42 GMT+0700 (Western Indonesia Time)","1021","2","A","l2W5LOGQHNMeOF3Ipon8r3wIpsWZexmB1P4GiaA5","660"
"319","DYANI UTOMO RASMI","101421",,,"syEHYIlwRrM3XgsaMp7SgNXqrk7MYQnfo1rZYAfgXxgn5kz3rlNKTNcjDJOG","Fri Oct 20 2023 08:10:12 GMT+0700 (Western Indonesia Time)","Mon Dec 18 2023 09:35:31 GMT+0700 (Western Indonesia Time)","1021","2","A","T8ZbWQcVXzo10JPTEPhxjF6erj8X74ft4qSV2nLw","660"
"320","MUHAMMAD YAMIEN","103154",,,"sKLCN4gk5UEXhGQvBnvdi8rVqseVR56d9PdoUrbFAW6Ff9zNs7DYAi6CZVCH","Fri Oct 20 2023 10:12:10 GMT+0700 (Western Indonesia Time)","Wed Nov 15 2023 13:56:01 GMT+0700 (Western Indonesia Time)","1162","3","A","IxVirmzcbBVVR1LCAHHG7wiBQ2YPRcmlB0Saq55M","662"
"324","TEGUH PRIANTORO","102633",,,,"Mon Oct 23 2023 10:54:47 GMT+0700 (Western Indonesia Time)","Tue Oct 24 2023 09:11:01 GMT+0700 (Western Indonesia Time)","1171","3","A","CvrlmSEnZuIZFOsA1pdvTUU39wHOSb0WgwWWGCdp","662"
"326","MUHAMAD RIDAAN","19940902735",,,,"Tue Oct 24 2023 08:05:02 GMT+0700 (Western Indonesia Time)","Tue Oct 24 2023 08:05:02 GMT+0700 (Western Indonesia Time)","1162","3","A","Gd2M77AtRnPqEdOy1EmH5d9bE6bSdZsD80QP6JKT","662"
"330","MUHAMAD RAHMADI","101517",,,,"Tue Oct 24 2023 09:43:30 GMT+0700 (Western Indonesia Time)","Tue Nov 14 2023 15:14:18 GMT+0700 (Western Indonesia Time)","1181","3","A","BuRr94I5FdTMllyRKNTYVpu7bB1xhWk71iMaNRZb","662"
"332","ANAK AGUNG GEDE ARISKA","1094062432",,,,"Tue Oct 24 2023 12:50:48 GMT+0700 (Western Indonesia Time)","Mon Dec 18 2023 15:50:14 GMT+0700 (Western Indonesia Time)","1091","3","A","1sptVNoY1gGQGbkt64I9Vfya0GHoxyCtVwO9avrV","663"
"336","LENY MARLINA","103598",,,"6pZS7II7Efp0TxbcdtuxThIvvaumEqSm9oTTH8AuSgr3Se41RZkQ0b9SeMbA","Wed Oct 25 2023 07:03:37 GMT+0700 (Western Indonesia Time)","Mon Jan 29 2024 09:27:42 GMT+0700 (Western Indonesia Time)","2522","3","A","UemZsXxs1th3tJxri7jzysl2K44vEtPoLOGeNWK7","67"
"338","LINGGA GINANJAR","105282",,,"W0hkfc5MgW7Uwc46nF5GRl7gzk2tg9fplRZGMuKdUNvfecpDZ17XJqKgcPuG","Wed Oct 25 2023 13:44:15 GMT+0700 (Western Indonesia Time)","Mon Dec 18 2023 11:47:27 GMT+0700 (Western Indonesia Time)","2311","3","A","FyanbtrLXLE2vWnetu4SkQRO72xbhLvevB1aDECA","65"
"346","HARYANSYAH","100509",,,,"Wed Nov 01 2023 09:11:51 GMT+0700 (Western Indonesia Time)","Tue Feb 27 2024 10:50:19 GMT+0700 (Western Indonesia Time)","2201","2","A","RUMgcGtIncVlpaZViqvnRAkPYtR0CTrhU1Pt4lB3","72"
"347","BACHRUMSYAH","103921",,,"M5PwYmw47PMibo259pFQEVLt8pWD9WSjh5rqhHDCR7fkg59k3z85rHjR0boC","Wed Nov 01 2023 09:19:49 GMT+0700 (Western Indonesia Time)","Wed Dec 20 2023 16:40:49 GMT+0700 (Western Indonesia Time)","2202","3","A","hguZKAtzulRr5klpoaUn59NjF2EOuLCA6cwQnoTF","72"
"350","MOCHAMMAD AFDHOL JACKY","1892023549",,,,"Thu Nov 02 2023 11:14:57 GMT+0700 (Western Indonesia Time)","Thu Nov 02 2023 11:14:57 GMT+0700 (Western Indonesia Time)","1041","3","A","NlkKFbnyUV3HdjfhYNNxMAJMkBO0PUpGHd4tS7gl",
"354","TRIONO PRASETYAWAN","104983",,,,"Mon Nov 06 2023 09:15:37 GMT+0700 (Western Indonesia Time)","Mon Nov 06 2023 09:15:37 GMT+0700 (Western Indonesia Time)","1011","1","A","tOyVvManDL0z4dFwqXL4jQxPePIPByQe7h797R9C",
"355","EDDY SUJARWOKO","101123",,,"Y3sooJwSlOepI0GvD3Ua0UnYHthizCGUh7SYrPrzRROZTIEBpUt1XqYEWiqb","Mon Nov 06 2023 11:54:35 GMT+0700 (Western Indonesia Time)","Thu Dec 28 2023 09:39:45 GMT+0700 (Western Indonesia Time)","2515","3","A","zYTpnsuK77wzqfiNhd63PvLElkdXVlzC3yBjUJEc","67"
"356","AGRI PRAHA","19930107681",,,"2i5fuyLUH01Qy80xfSTnzALEf5KSBPqK24JHTw2VTOABfolkxyFqIJ2uUfOa","Mon Nov 06 2023 18:38:33 GMT+0700 (Western Indonesia Time)","Thu Feb 01 2024 19:35:35 GMT+0700 (Western Indonesia Time)","2210","3","A","gZyXy3OkpzYwrYleD5MSkECnjh9IJv1iKopkaRZ1","72"
"358","HENDI NOVIAN","105095",,,"ivRBZ5jKbZtSkWtw7L0wDhamOXKHndpCgnTOG5ncRXUG8kIPjNcY0a0wn6O8","Wed Nov 08 2023 15:43:04 GMT+0700 (Western Indonesia Time)","Wed Jan 31 2024 17:28:43 GMT+0700 (Western Indonesia Time)","2302","3","A","bGtxBlPzsNCkSNJbz1LXUtjYXF1pYGVCQqUsN3wO","65"
"362","INDRA GUNAWAN","103653",,,"l7O8vmmqRkinEBeiOWkDwjrgfKeoBdTVvvIy4UQTNJps97HJO7ZBalvaarXQ","Fri Nov 10 2023 14:43:26 GMT+0700 (Western Indonesia Time)","Mon Feb 26 2024 16:01:10 GMT+0700 (Western Indonesia Time)","2517","3","A","5jHkHY4KJK8VJCACLiRUnsz0bAC2BQc4aEB5HsXY","67"
"363","Indra Ardiansah","105160",,,,"Mon Nov 13 2023 13:40:44 GMT+0700 (Western Indonesia Time)","Tue Nov 14 2023 14:38:03 GMT+0700 (Western Indonesia Time)","2212","3","A","37fJ8jOQapdC25kQ3VKyVlGuYxyuMyTDjS9GyBL4","72"
"116","MOH. NIZAM THURSANA","105717",,,,"Wed Sep 20 2023 12:00:15 GMT+0700 (Western Indonesia Time)","Wed Sep 20 2023 12:27:21 GMT+0700 (Western Indonesia Time)","2011","1","A","yrFFcvPEYjHmpmRg7tT3i8LUXllC0hAk6jIJHLs1",
"117","ADITYAWAN ANTONIO","105601",,,"EYtmMigxnP3OGBSJXhqOWbKX8kKHwwDwYhpcHCCHEPoLvpJqvAWRCaWRuvII","Wed Sep 20 2023 12:05:04 GMT+0700 (Western Indonesia Time)","Fri Jan 05 2024 17:17:42 GMT+0700 (Western Indonesia Time)","2308","3","A","ZNpH5Lvx2vzXaE7ZrYFtj55QW6wOxs0YfK79Ufjs","65"
"118","DIANA PUJI LESTARI","105492",,,"Fp9LWGp3vtCrDYjF0xKdBLuQoipRNt6Zn8QrvH6PiCj07yuzLKTPD9PwXGpp","Wed Sep 20 2023 12:56:21 GMT+0700 (Western Indonesia Time)","Sat Aug 17 2024 01:50:20 GMT+0700 (Western Indonesia Time)","2011","1","A","EYPUm3Q6uQ1TZ2eYBR5TkBz2uJwkvpeZecMJLRA0","0"
"121","BAGUS BAYUAJI","104994",,,"XgVCAwqNu0hyLSTVmepWIeDNOHfaHsE1f3GKlPArGnwz3ZMWvo6z2sfDUoT9","Wed Sep 20 2023 13:53:35 GMT+0700 (Western Indonesia Time)","Mon Dec 09 2024 17:50:42 GMT+0700 (Western Indonesia Time)","2011","1","A","dCeop6861Qc0rUw53c7JPRSWLbP9C8bpXxEgWRRM","0"
"128","ILHAM","1991121225",,,,"Wed Sep 20 2023 14:02:07 GMT+0700 (Western Indonesia Time)","Mon Jan 15 2024 16:32:00 GMT+0700 (Western Indonesia Time)","1101","3","A","1ghbXh4lczjB6PhR110RtvEe2zhg37tn7dvsGd2K","663"
"129","FITRI RACHMIATI","103466",,,"1tW6MJLfUsNYc0LNaZZq0u9Bb4Ruy1piqP51rTf7EmHcXI9sOyUwVjOsL84h","Wed Sep 20 2023 14:02:07 GMT+0700 (Western Indonesia Time)","Sat Dec 16 2023 07:08:37 GMT+0700 (Western Indonesia Time)","1071","3","A","4BLodckOMZfEBF6639zScPpuL5hCew7xfRh11Gnh","660"
"130","LIS WIDYASTUTI, SE.","102551",,,"HLjrbwAjPkYg53EPRobLzke8lebx6reZxnFbAmNsUW76tnHUfVHrVQWM9P7h","Wed Sep 20 2023 14:03:22 GMT+0700 (Western Indonesia Time)","Tue Nov 14 2023 09:09:02 GMT+0700 (Western Indonesia Time)","25020","2","A","WI82t2cAewSokUe1NEnFcYMhohU87dFLxM0UKfCf","67"
"131","ZAINUL HADI","103401",,,"ajNQIodl8KAyDA2cEbqnxULEzd0UHQauYa6TxzekuuMFFEztCSqIHjzCKqsh","Wed Sep 20 2023 14:03:22 GMT+0700 (Western Indonesia Time)","Mon Dec 04 2023 10:10:09 GMT+0700 (Western Indonesia Time)","1021","2","A","LahVlUK3zZXtAW03eDSVODIdLMQnNagy5iRXXWZq","660"
"154","DWI ASTUTI","106825",,,"glocUXmUd1JZanwLytdJk8hrTQcaz63BcbDoU6YQ2DyyhmzJCAw4bhLiHW9U","Wed Sep 20 2023 15:03:01 GMT+0700 (Western Indonesia Time)","Fri Dec 15 2023 18:00:17 GMT+0700 (Western Indonesia Time)","2310","3","A","ocstP5kOjUTg9dylYU7qV9j8kMVpCpz5XiAMUitA","65"
"155","ALEXANDER","104523",,,"PIDmQVrOl3JyjB4PwFbuGIES4IvwIq0ZB5SIav0diqTmYpdiURsGftpuMRJT","Wed Sep 20 2023 15:03:09 GMT+0700 (Western Indonesia Time)","Mon Jan 08 2024 12:03:52 GMT+0700 (Western Indonesia Time)","2310","3","A","j6IeVUWNqrRJc4cIjm8iFS5o9WpoU0j7bKw731CV","65"
"157","BUDI BUDIMAN SANTOSA","102413",,,"42jmm0644cdpPGM7xDxrnXk5ivQtrjkZjIxkL8hJecTvTLTGn0fUK6Bg9Ghh","Wed Sep 20 2023 15:25:15 GMT+0700 (Western Indonesia Time)","Tue Dec 19 2023 12:07:55 GMT+0700 (Western Indonesia Time)","2304","3","A","CxArWIll1dcN6vjtA4cmJEkQE47JeQ7gVkcjHULx","65"
"158","FRANNES FRANCOIS LUMBAN TOBING","104338",,,,"Wed Sep 20 2023 15:47:52 GMT+0700 (Western Indonesia Time)","Mon Nov 13 2023 10:44:51 GMT+0700 (Western Indonesia Time)","2226","3","A","zd69EbEwA8iIHAI6YDxJ5geG16hyKuvzDVKhexBi","72"
"159","BURHANUDDIN A.","103081",,,"zkDqG7jSKWXZDrAzIyboKXLMjA5BCWPtOG33o6InfPgG77q7h03J73CCiTdi","Wed Sep 20 2023 15:48:03 GMT+0700 (Western Indonesia Time)","Fri Jan 26 2024 09:02:40 GMT+0700 (Western Indonesia Time)","2505","3","A","KUW4FueqypVUztt70sDX7Qvp5RRe1tCAon36x6UB","67"
"189","BRIAN NUR ABDUL AZIZ","219606007",,,,"Thu Sep 21 2023 11:11:13 GMT+0700 (Western Indonesia Time)","Thu Sep 21 2023 11:11:13 GMT+0700 (Western Indonesia Time)","1011","3","A","N8rtRdhKPV3Bz30IMRIucFu6lW6t4L4wVEDT8go1","66"
"190","ROMY KAUTSAR","208707004",,,,"Thu Sep 21 2023 11:12:27 GMT+0700 (Western Indonesia Time)","Thu Oct 26 2023 08:28:28 GMT+0700 (Western Indonesia Time)","1011","3","A","lrwgcMEUnE8l9WwxqEEBtzicq23cgrNWayabQKjq","66"
"191","HARIANTO","0494051962",,,"MO9G3jWJw3ym7v7h5ogJZCX6LZ4NDJ5PdxdgOQZgLCo4V2O0Uo55H9WQvedZ","Thu Sep 21 2023 11:17:00 GMT+0700 (Western Indonesia Time)","Mon Feb 12 2024 11:08:15 GMT+0700 (Western Indonesia Time)","1160","2","A","Cq5Q1Q7M0tggbAoKy5tYASFf0G8PKT0J9bJv8dMT","662"
"194","RINALDI YONNIA FIRMANSYAH","105162",,,,"Thu Sep 21 2023 12:01:05 GMT+0700 (Western Indonesia Time)","Mon Jan 15 2024 10:50:50 GMT+0700 (Western Indonesia Time)","1090","2","A","1x80HyDLZnZPbGWxdNdTCTiT2m1CwsTQMSH9uhON","663"
"195","FAJAR ARDI SAPUTRO","103676",,,"ofanq4lAuZoqwmbordC9jWJpgNpPR3tKIjJGD6IL0uAllrStTyWFZdKzdFAi","Thu Sep 21 2023 12:04:53 GMT+0700 (Western Indonesia Time)","Wed Feb 28 2024 14:01:44 GMT+0700 (Western Indonesia Time)","1021","2","A","lnzGrOOcopEoJiM0i3XcXVkIlGc4q8fFZkp4YUqp","660"
"196","WARDHANI PUDJI RAHMANTO","103306",,,"qSt846omMwoFnhJU94paIRtMIxeBFosywKycPePfMkmptmRaP72F2bmujGhY","Thu Sep 21 2023 13:01:27 GMT+0700 (Western Indonesia Time)","Tue Dec 05 2023 17:23:10 GMT+0700 (Western Indonesia Time)","1090","2","A","8dQc4wacfHyKNkcywXAFINAxm6WingBw0YyK3yiR","663"
"200","YASIR ALKATIRI","106120",,,,"Thu Sep 21 2023 14:58:33 GMT+0700 (Western Indonesia Time)","Tue Nov 07 2023 11:56:20 GMT+0700 (Western Indonesia Time)","1144","3","A","koEGFecXwvJ8IUqGWythOJ0dyQ4EsYd4GAOJYfdq","663"
"214","AHMAD MUHAJIR","106602",,,"5TIpvwJJOTxccoFMKYxaMXGn5yfwGUz5gKmqCuv4Ypbd1KfGA1xEiKQW7n2n","Fri Sep 22 2023 10:08:53 GMT+0700 (Western Indonesia Time)","Mon Dec 18 2023 14:36:21 GMT+0700 (Western Indonesia Time)","1021","2","A","3wnTOrIipTGcGzQ0BYU6WTnU9KTUMXlnfclhqA5G","660"
"222","MUHAMAD ARIF SOLEH","105005",,,"osNNNrAltO5CMcCzBkJCvd1U1Gw2UMQKQRt7yqftyC5CI1SqDkbwHkOdjwZi","Fri Sep 22 2023 14:12:00 GMT+0700 (Western Indonesia Time)","Wed Dec 20 2023 10:36:08 GMT+0700 (Western Indonesia Time)","2303","3","A","QnKxqoLdDbXljXFnicAKX7cPbGDpnzUXwsRw1rBp",
"237","HENDRI SUSMIYANTO","101385",,,"M0R2LrHpUydUkGHeu9mXcfQrIQjEuo4CWYTErUwDRIIWo94srWtCFB7qoV0u","Wed Sep 27 2023 07:18:40 GMT+0700 (Western Indonesia Time)","Mon Dec 11 2023 09:21:34 GMT+0700 (Western Indonesia Time)","2304","3","A","tsXkAh6GR6YIyjdQlKVLoesl9zJHQGF4NXslZp6u","65"
"239","MUHAMMAD TAUFIK NOVIANTO","103079",,,"X9OuKo0IE29NEsg7i6OxslqxMjNvQwQJFdecFu8rnPOWsmCPI9eGhFbLtPNI","Wed Sep 27 2023 15:23:54 GMT+0700 (Western Indonesia Time)","Wed Dec 20 2023 09:58:58 GMT+0700 (Western Indonesia Time)","1160","2","A","UDOzljUrMl96bsbUyR14mgMuo3hlcaIQIKxbsPYl","662"
"240","AHMAD MAULANA SUBHAN","102744",,,,"Wed Sep 27 2023 15:35:26 GMT+0700 (Western Indonesia Time)","Tue Oct 24 2023 18:21:52 GMT+0700 (Western Indonesia Time)","1160","2","A","jZmCnnphMSfkLSRi0Yqf0lyR4uU3FpOGOm5AXv9t","662"
"244","REZA ABIMOKO","0293041927",,,,"Fri Sep 29 2023 09:27:07 GMT+0700 (Western Indonesia Time)","Wed Dec 20 2023 11:11:36 GMT+0700 (Western Indonesia Time)","1011","1","A","zn3A3rSgNEKkpa18CH3uKvGsEaRl29hJ7AjLQdcQ","66"
"257","RIZAL HARDI PRADJA","104850",,,,"Tue Oct 03 2023 10:22:44 GMT+0700 (Western Indonesia Time)","Tue Dec 19 2023 09:53:27 GMT+0700 (Western Indonesia Time)","1021","2","A","7qxTMU6Eol1hAodU4QqimiFvz6bGCzprBmOS5B9J","660"
"284","ANGGI FAJAR AKBAR","105774",,,"6BeZ7ZGtIS5oTigzLNl5B5QY9U5qwGiTtvPcRyTeNzVffWPhopQf5vVIDIDZ","Mon Oct 09 2023 15:10:46 GMT+0700 (Western Indonesia Time)","Mon Feb 05 2024 14:44:09 GMT+0700 (Western Indonesia Time)","2011","1","A","7DM7AF3pEAqvgOcoXiwvYhMateE0mUHr5JaO8leV",
"322","RONNY OETOMO","103016",,,,"Mon Oct 23 2023 09:37:28 GMT+0700 (Western Indonesia Time)","Mon Oct 23 2023 14:45:18 GMT+0700 (Western Indonesia Time)","1161","3","A","3wRthea6wzgGe5mYm4QjpURywco4WfgmpLPHUu1N","662"
"325","MUHAMMAD IRFANSYAH","0895102706",,,,"Mon Oct 23 2023 14:40:42 GMT+0700 (Western Indonesia Time)","Wed Dec 06 2023 09:04:55 GMT+0700 (Western Indonesia Time)","1161","3","A","Dq85aKepYnzJ6XFAmp49SjPONXjYrk6hljfZKUGu","662"
"331","MUHAMMAD SHIFA RIZKI","0893012707",,,,"Tue Oct 24 2023 10:05:45 GMT+0700 (Western Indonesia Time)","Mon Dec 04 2023 15:12:18 GMT+0700 (Western Indonesia Time)","1162","3","A","20Pl0mMSHOnXtfOP3Ajau39CPXi0XMWIXE6DUmuk","662"
"359","LALU SUDARYANINGRAT","101029",,,,"Thu Nov 09 2023 07:07:58 GMT+0700 (Western Indonesia Time)","Fri Nov 10 2023 10:36:41 GMT+0700 (Western Indonesia Time)","1111","3","A","MXrMXtn3cYhMu4uYTyaNg5xZHSu4SBgmyvAwRxXd","663"
"364","MILDAWATY NOER","101056",,,"OQZ6x85MzubqS3uSbT4Yc6Rvoo4BQYekbpEHdmbHo7YHdtvG0tZJVPNbeF6L","Mon Nov 13 2023 14:08:43 GMT+0700 (Western Indonesia Time)","Wed Nov 29 2023 15:42:13 GMT+0700 (Western Indonesia Time)","2220","3","A","66z236ak5ksj3bmQP7FXPKhZRliUJmy52S8BuzZf","72"
"366","HESTY HARIANY","103093",,,"97MEHApUpI7WX57oM6Yyzj9eaqrVobT2gAoa0kKedO4NIHaYPrCgQQUWVYoM","Mon Nov 13 2023 17:11:49 GMT+0700 (Western Indonesia Time)","Wed Dec 20 2023 16:00:39 GMT+0700 (Western Indonesia Time)","2220","3","A","gpvsBP2F4C15MLbTfRtCeMyYh5LWmlZ9Cx54gMNR","72"
"367","ADE PERMANA NASUTION","106084",,,"1rbtnjnm61CgE7zOnb7OopT3tAZl9E3MLGzefNMBmQgtlAWYuEEVvX8W3nQ3","Tue Nov 14 2023 09:03:28 GMT+0700 (Western Indonesia Time)","Wed Feb 21 2024 10:22:49 GMT+0700 (Western Indonesia Time)","2305","3","A","HFe4pWFoTN65OnrPV6KZD73MOBiZ0Lft5RJ6KjDJ","65"
"368","MARLINA TEPPA, A.Md","104027",,,"fqacvtbG86ZozaQbVqUiGdLF3aoLp2XzFtYGs4iuhopwaKNnQl4Y3zS3G9IL","Tue Nov 14 2023 09:47:32 GMT+0700 (Western Indonesia Time)","Mon Nov 20 2023 10:35:33 GMT+0700 (Western Indonesia Time)","2501","3","A","WaQllmw3ke6wwtFE6gZ6sVAAKZgtMspk9KiEIR6Q",
"369","RENDI DIAN PRIYATNA","105399",,,,"Tue Nov 14 2023 09:50:45 GMT+0700 (Western Indonesia Time)","Thu Jan 25 2024 15:36:25 GMT+0700 (Western Indonesia Time)","2302","3","A","jYR8RWFSpoN72DF8b9jwugLXywI4MMABuUVWQG86","65"
"370","SONI YUHENSKI","105062",,,"QTaEzXR3GTpfUwEd7GTyg9Boe5Guic42pj99zjUEhZj5S2r6y04ycEABh2Yb","Tue Nov 14 2023 09:50:49 GMT+0700 (Western Indonesia Time)","Thu Dec 14 2023 11:59:36 GMT+0700 (Western Indonesia Time)","2302","3","A","6T1pTcAVF5myelDJyycKNH80X5Jbp8xVN4oCUkfZ","65"
"371","EKO VICTOR SINGALE, S.E.","104897",,,"tkv9r4z61Wkj4K9TtqYv2cCm0kfZxjVsoKiRTX0SFwTmxEYKFI2JdayzUYpD","Tue Nov 14 2023 09:59:53 GMT+0700 (Western Indonesia Time)","Wed Dec 06 2023 15:30:53 GMT+0700 (Western Indonesia Time)","2501","2","A","MEOSdDJpoXsiRbs8ZBaP93gWYkyatsIU6G2Ps6Gb","67"
"372","AHMAD ZULFIKAR","106359",,,"rU5dcmd6GthI9CNXiZGNGlq61Pn46IEOyOJmk1eInj5kGiKzcvoqmfyOtAnC","Tue Nov 14 2023 10:15:03 GMT+0700 (Western Indonesia Time)","Tue Jan 09 2024 15:24:50 GMT+0700 (Western Indonesia Time)","2302","3","A","757mMdKbS3W6od7XY5M9PdxXIwh6RXfpbcnH93Sr",
"373","EVERLY MOZART MATAHERU, SE.","101125",,,"AmnG52OEfAmHH2AXXm3cL0aJ6ZTBD6TMeff601okV5Kizmn4JABkYqKzelpc","Tue Nov 14 2023 11:17:49 GMT+0700 (Western Indonesia Time)","Tue Nov 21 2023 15:09:17 GMT+0700 (Western Indonesia Time)","2501","3","A","HpTsuBJ5ZqFyu5xSbwruORWBr5P28IuXD1kvRvhg","67"
"374","AYU SRI REDJEKI WULANDARI","106443",,,"OkdZy1ig2VDQcNkGTLvdIluwRpjWYdMlo0VRLX9DLpvbmgXg5wSsY2OCYFht","Tue Nov 14 2023 11:34:16 GMT+0700 (Western Indonesia Time)","Fri Dec 15 2023 11:35:33 GMT+0700 (Western Indonesia Time)","2302","2","A","Di03I0F3mxE70khpRskM8ZWkEdkACBwrJopGyWMC","65"
"375","M. REZA HAMDANI","104341",,,,"Tue Nov 14 2023 11:34:27 GMT+0700 (Western Indonesia Time)","Mon Nov 27 2023 17:25:14 GMT+0700 (Western Indonesia Time)","2223","2","A","nySYrWXe8k6fKtiqixRstEYUXIkVQVtAx2J2N9CA","72"
"376","HUTAMI DWI JAYANTI","106380",,,"Ggjui9N5vBOhNPOQksHsUkxayODmI5se2hRWMLrefihD4fwU9naUonpDC6Tc","Tue Nov 14 2023 12:58:48 GMT+0700 (Western Indonesia Time)","Fri Dec 29 2023 14:19:45 GMT+0700 (Western Indonesia Time)","2302","2","A","4encL2UwuAXt3oVKSTD4fNNakvamFMdm8axCCG7q",
"377","HENDY TRISNA","106798",,,,"Tue Nov 14 2023 13:09:53 GMT+0700 (Western Indonesia Time)","Fri Dec 29 2023 13:49:05 GMT+0700 (Western Indonesia Time)","2302","3","A","XAKfZPnzjzzQNPAzF9yqyBrOpvA5UER6HbI7J413",
"378","PANJI NUGRAHANI SURIPTO","103749",,,"ExAQVkxWZNuYNtnkmeM0xa3VHSxIZKQkAOFWUFlqf8NhA1Mp98e9YfYWR3pZ","Wed Nov 15 2023 10:33:32 GMT+0700 (Western Indonesia Time)","Fri Dec 01 2023 16:04:05 GMT+0700 (Western Indonesia Time)","2524","3","A","XeaxJovFD2Bf8pnhny13KFuroOCwFKd1AsljfTKH","67"
"379","YON RIVAI","102026",,,"4fWeOcf4mOq1I269s2OUqXRRcehS3AlnhsAm27yjJTWZwwEET0B8jaaUt0Mo","Wed Nov 15 2023 11:18:31 GMT+0700 (Western Indonesia Time)","Tue Feb 20 2024 13:05:53 GMT+0700 (Western Indonesia Time)","2302","2","A","tAQLDGfDyIhBDM4Qm6qG29nMhZNNBmr151KzYqVL","65"
"380","NOVAN ADI CHANDRA","104191",,,,"Thu Nov 16 2023 14:25:01 GMT+0700 (Western Indonesia Time)","Wed Nov 22 2023 15:56:09 GMT+0700 (Western Indonesia Time)","2302","3","A","LLXRUVeMAOE67fi1QTflaPpgygWTzzVOtH8II6gi","65"
"381","SHENNY AMELIA","8201300006",,,,"Thu Nov 16 2023 15:59:18 GMT+0700 (Western Indonesia Time)","Mon Dec 18 2023 15:25:06 GMT+0700 (Western Indonesia Time)","2313","2","A","9WIyzNnI4P10t0lHRwe7HWuMKs5gycyGnlgMLXuv","65"
"382","IKA SARTIKA MAHARANI","104492",,,"WmIAIf5iOklzgZhUriq4zmAnkwaWoW4MbgLpzMEhGbMR8Bl2ISOHa15NRJPN","Sat Nov 18 2023 11:42:19 GMT+0700 (Western Indonesia Time)","Thu Dec 07 2023 15:09:04 GMT+0700 (Western Indonesia Time)","2202","3","A","CqfppwL31fnSNddDjKkR7uM9RiyM3cmwVyPXybn5","72"
"383","WELTA SELFIE","101332",,,,"Wed Nov 22 2023 15:44:42 GMT+0700 (Western Indonesia Time)","Tue Dec 05 2023 10:24:39 GMT+0700 (Western Indonesia Time)","2507","3","A","qY1rGfuBLZYXWpkaHnNKguX38eXHO3kTnU02lWxx","67"
"384","AMOS PANGGUA","104302",,,,"Thu Nov 23 2023 10:02:42 GMT+0700 (Western Indonesia Time)","Thu Nov 23 2023 15:00:12 GMT+0700 (Western Indonesia Time)","2507","3","A","GsEeVYapZxb1B0iYwuyKLHAQ9xQGurGIrfaKmuLc",
"385","MUHAMMAD TONI","107023",,,,"Tue Nov 28 2023 09:28:48 GMT+0700 (Western Indonesia Time)","Fri Dec 15 2023 18:54:15 GMT+0700 (Western Indonesia Time)","2312","2","A","M4OgAWXzREQBSHcyQI8oUaPfhbPaEWdk5EvSB4i9",
"386","SANUSI SANA WARA","107125",,,,"Wed Nov 29 2023 09:33:35 GMT+0700 (Western Indonesia Time)","Thu Dec 07 2023 10:59:47 GMT+0700 (Western Indonesia Time)","1146","3","A","bAkH4ZIG4PlgvFsRqLwoDDjtOig4Ziy7ONmzRMhJ","663"
"387","EKO CANDRA","105392",,,,"Wed Nov 29 2023 15:23:58 GMT+0700 (Western Indonesia Time)","Thu Nov 30 2023 12:04:07 GMT+0700 (Western Indonesia Time)","2204","3","A","vJN3zT3GgYv5PKmYKcb59y5yeXdDmKIBRL3D8mYs",
"388","AGUNG ADRIAN QAUSAR","106962",,,,"Wed Nov 29 2023 15:27:00 GMT+0700 (Western Indonesia Time)","Wed Dec 20 2023 12:04:55 GMT+0700 (Western Indonesia Time)","2204","3","A","zMkCpYwRML3ULQiHp36evLHSMgQ7N0qkoczk8aOl",
"4","AMRELLAH","102359",,"B852047B58C27238FC6E843E30E39388704C901DFE34B34F860F8289667CEE8A204B18F089088B0A7E14E767A7C7AF49733243CF173D7B45F4F5C2F61253555C","8Ht9G7bXmvTsQQ8tCjtwOmbyqrchgAPkkJANNUV6MIzAi8CkKlkvSsq0i9zF","Thu Sep 14 2023 21:09:26 GMT+0700 (Western Indonesia Time)","Tue Jan 23 2024 19:34:13 GMT+0700 (Western Indonesia Time)","2220","3","A","XZgoYTSWH9bJuK0Tvc0fyFKw3RCbkHrI7vWgnTSb","72"
"119","FAHRURROZI L. TOBING","106366",,,,"Wed Sep 20 2023 13:45:53 GMT+0700 (Western Indonesia Time)","Wed Dec 13 2023 11:59:35 GMT+0700 (Western Indonesia Time)","2218","3","A","tpQY3eqFvwYxuucM59L56u55DurHay53fEMXkoHv","72"
"136","ASMAH HAMJAH","105358",,,"PscyiVPPEt8aamtazafrtvLPymup3lu02brm0Uo0XIWt4If717qbaGB0yx3D","Wed Sep 20 2023 14:15:55 GMT+0700 (Western Indonesia Time)","Fri Feb 23 2024 09:12:26 GMT+0700 (Western Indonesia Time)","2501","2","A","2RXGJyjr6brQTxdqgcFt9oul0DV0LdAuYxEFS4wo","67"
"137","EBEN HEZER EPATA ATALO","101943",,,"h2yiSzaj9209kqd4Pq7Ta7VSbbg6eOaZQyRH3dgPhZQs7SIh7LTJR6Zr0GSG","Wed Sep 20 2023 14:16:36 GMT+0700 (Western Indonesia Time)","Fri Dec 01 2023 10:22:59 GMT+0700 (Western Indonesia Time)","1141","3","A","VfXNlzkCfDiMgWwcN1wUz1b4E5369McAEowoUler","663"
"138","JANIRATNA SUM RANDA MA`DIKA","104810",,,"g4v3e3scAprWb9kUXCkao1U6hULYh2Ds5EhDVavhUhfgyIFU5dzdLovU78jM","Wed Sep 20 2023 14:17:45 GMT+0700 (Western Indonesia Time)","Thu Dec 21 2023 11:54:04 GMT+0700 (Western Indonesia Time)","2502","3","A","UCH94YNapu6VmvcTlZ7ABphdc8L7Eed47H7G6Sc9","67"
"139","BUSTAN AMIR","103446",,,"D1V6D6pxZOz76xXVvUt9F5SitJ5LLSVOFQh5S9RyUMdk66J03Fh3paOyVIL1","Wed Sep 20 2023 14:17:50 GMT+0700 (Western Indonesia Time)","Wed Dec 20 2023 09:18:17 GMT+0700 (Western Indonesia Time)","1160","2","A","WTJ36G1LYPta9tkzfNxksvrumfe1NABIWa1RS8fu","662"
"140","MIRIANTO","102415",,,"ow3azQfoUPCN9ZRwKtYJ1lgHjpQbtMv6iTqJHCJVRogwaXvfxKEb6iSpjFg1","Wed Sep 20 2023 14:18:20 GMT+0700 (Western Indonesia Time)","Wed Feb 28 2024 09:12:15 GMT+0700 (Western Indonesia Time)","2301","2","A","CmfVRRWC6RVKvk4FxyBohycpAjDBtAnfSDhLQBIq","65"
"141","LENCY MAGDALENA NGGADAS","1293061911",,,,"Wed Sep 20 2023 14:24:59 GMT+0700 (Western Indonesia Time)","Fri Nov 10 2023 09:50:44 GMT+0700 (Western Indonesia Time)","1141","3","A","Snj1G6jjyueOvlLPty79QPdXQkL5GdNFucP5HZJ1","663"
"142","MAURIANUS SULU","104346",,,"6x3eeemk08zGoqM5w6DyYv2cZqOWBdsprLa8V2M8w3coucCJHNOQnwOjSaLn","Wed Sep 20 2023 14:25:46 GMT+0700 (Western Indonesia Time)","Wed Nov 15 2023 13:02:51 GMT+0700 (Western Indonesia Time)","2514","3","A","eXpfZPXIEReBsjLEQkuc4gHHVv29pjr9iSP07wLJ","67"
"143","DANIEL","103428",,,"Es9klvXiAyFZwGf1cXj3cY76ffBZuIU7rX5iW7gi8d43jpNF2htff0kcCwPC","Wed Sep 20 2023 14:30:50 GMT+0700 (Western Indonesia Time)","Tue Jan 30 2024 15:44:44 GMT+0700 (Western Indonesia Time)","2516","3","A","CKVe7xEerhA6UrXwPPUHL1kZZa4CmfQhXZTiCeNp","67"
"144","MUSRIFAH","104720",,,"AjbApgzmzDiMqePYHFec1uYs2SNOUg6qhnufIFz086KeUZzvpjiZGuTKQ9P8","Wed Sep 20 2023 14:34:11 GMT+0700 (Western Indonesia Time)","Tue Feb 27 2024 09:18:56 GMT+0700 (Western Indonesia Time)","2501","2","A","VNxz13DFq8FJeHpjO9dAjPd7lZiGrbBRF5O6ENjC","67"
"145","KHUDRI AL AKBAR","105033",,,"vNsmH3M0eK22YwAMYXXWx4HtvesN3r9hjQDX2FY5hta8SZx3aLhe2GICjbUh","Wed Sep 20 2023 14:41:07 GMT+0700 (Western Indonesia Time)","Thu Nov 30 2023 12:14:57 GMT+0700 (Western Indonesia Time)","2222","3","A","nyEUEkalF4WaZWxe960ZRtRAcpLMolqrqLQ1NoDc","72"
"146","JANFRYADI TUMANGGOR","104824",,,,"Wed Sep 20 2023 14:45:38 GMT+0700 (Western Indonesia Time)","Thu Sep 21 2023 10:57:18 GMT+0700 (Western Indonesia Time)","2223","3","A","hqQGg3eD2yBaNBEQLI5g2bBbBnNR54NlHRQ3FrWS",
"147","RONALD SURONO","103732",,,"PNxHqQ91gxnzd6MbOjboREYnOhzzlrcMKhzO9E0ReE7xty5s4fXMYucVL4Nm","Wed Sep 20 2023 14:46:34 GMT+0700 (Western Indonesia Time)","Mon Dec 11 2023 14:28:17 GMT+0700 (Western Indonesia Time)","2521","3","A","hTHSaOUVHTlxk2N1Tb32dd7V4obXO3srFxZPwPK1","67"
"148","HENDRA JOHANNES FERNANDO N","106814",,,,"Wed Sep 20 2023 14:47:59 GMT+0700 (Western Indonesia Time)","Wed Sep 20 2023 14:47:59 GMT+0700 (Western Indonesia Time)","2201","2","A","O2jI4rteQsNssEKZj1KGg0vzHeo6Hblt1koh0Znu","72"
"163","ANDOHARJADI EZER PURBA","105896",,,"BM2HzEKpMDtA1d8UXEHgKxkAFxfKz4yFSefR2ZLQR9sgI6XZIISHziOgSplD","Wed Sep 20 2023 18:07:48 GMT+0700 (Western Indonesia Time)","Wed Dec 06 2023 15:54:21 GMT+0700 (Western Indonesia Time)","2226","3","A","VWEKEqNhI5xd8mkSKvASAgam16be0xUJqdVGIP2t","72"
"165","SADRAH SINURAYA","102985",,,"LuInlvbcJ8Jvd8Z3ItJHjgoK48nVELRSppOnwwo6RItiJKcvP6G40BZggbeY","Thu Sep 21 2023 07:17:59 GMT+0700 (Western Indonesia Time)","Tue Nov 21 2023 12:26:43 GMT+0700 (Western Indonesia Time)","2510","3","A","ScJmvRfCE4PFlx0NOPXV1yIOT325rboF3CxI7gH1","67"
"167","SHERLLY ANATJE STELLA TICOALU","103468",,,"SKyyJ4M7ZuQSnOae8UvcHXKknJjEU2na5tx3cMH38qBOnOqgvSVIQIoEhHYO","Thu Sep 21 2023 08:24:41 GMT+0700 (Western Indonesia Time)","Wed Dec 20 2023 10:28:37 GMT+0700 (Western Indonesia Time)","2505","3","A","ULNqUTU6kkeCQH3syT7tfldvUh9gREcEk23Xrt9Y","67"
"168","DIAN SYAFITRY","106334",,,"vNzcFxwCaoieiE60h4zeCtjCW7i6xUeNzpTsVoEOCWAfy4Fa4K1eWe9lANut","Thu Sep 21 2023 08:43:54 GMT+0700 (Western Indonesia Time)","Tue Feb 27 2024 10:09:09 GMT+0700 (Western Indonesia Time)","2309","3","A","VuC5ZiZYqjVjGvTb001B5f3kvGyn1jqLtDD0lFW9","65"
"169","BAMBANG PRAMUDO SUTAMI","105708",,,"DBeBrf86qJnx72jQQhYgoZbQt4h9azGrzAnTwu7uqYENGNtvckSE4YlGtm3D","Thu Sep 21 2023 08:46:30 GMT+0700 (Western Indonesia Time)","Tue Feb 06 2024 09:46:21 GMT+0700 (Western Indonesia Time)","1160","2","A","tiKPUWITezq0j4JwAEU5wWvmptbMusde79qJy9OM","662"
"170","FANDY MOHAMMAD AYUB","105261",,,"aukFTBKfuvpYakQLMkL1u5WHZLRlt57p02pmRduDrLC4A0uwwe30mPWy4Zrp","Thu Sep 21 2023 09:00:11 GMT+0700 (Western Indonesia Time)","Thu Dec 14 2023 15:33:54 GMT+0700 (Western Indonesia Time)","2307","3","A","eybma2XLaq93iQXYMuxTGvhWSnORTtHcgBcNDWlQ","65"
"171","PRADIPTA PRATAMA","105842",,,,"Thu Sep 21 2023 09:23:45 GMT+0700 (Western Indonesia Time)","Thu Sep 21 2023 09:23:45 GMT+0700 (Western Indonesia Time)","1011","2","A","F6xSqJFXLshPwNsirkprK2Unq10TlkXbm4qKAC7O","66"
"172","RONY HENDRA SIAGIAN","105285",,,,"Thu Sep 21 2023 09:28:11 GMT+0700 (Western Indonesia Time)","Fri Dec 29 2023 09:34:02 GMT+0700 (Western Indonesia Time)","1011","2","A","MP06QGHxDAsPRX1sHogDT1pmHA18QgglrjjB7fEx","66"
"173","MADE RISMAWAN","103526",,,"ne9Wnof7pZFQ70K36PhgKh8oar3CJbJmxTYsA7RUn4er82RAkP4zXeYtJO2X","Thu Sep 21 2023 09:37:32 GMT+0700 (Western Indonesia Time)","Mon Jan 29 2024 09:34:56 GMT+0700 (Western Indonesia Time)","1141","3","A","ff00KwvUZa3P4K4tlU3XKhgjvbqnDovFRJmqTcMo","663"
"174","DICKY SUHERI CANIAGO","107176",,,"0SZy9IEcjNw9lzu8P8NBpvj63UwMvXj2YgLPG4DGmBLfo7IgOHgaz5a12Bkh","Thu Sep 21 2023 09:41:46 GMT+0700 (Western Indonesia Time)","Thu Nov 30 2023 11:57:30 GMT+0700 (Western Indonesia Time)","2223","3","A","jdBwcdGFH1yZ7aL9eoFXycGgBRSPFfxvgUwy5wb2","72"
"175","MARIAMAN SOLIDER","107134",,,,"Thu Sep 21 2023 09:42:17 GMT+0700 (Western Indonesia Time)","Thu Sep 21 2023 09:42:17 GMT+0700 (Western Indonesia Time)","2222","3","A","4i1QWTyYLoyQ9NHIUxZ7pFGUNOXGtiRrTP8ORRT1","72"
"178","DWI YULIANTO","102482",,,"WQSuPPtBAan4ykVPQE9tMUqRzScZCul5RTz38SHlf4P3PkpHOEiTJ6ZLxhBn","Thu Sep 21 2023 10:15:54 GMT+0700 (Western Indonesia Time)","Sat Dec 23 2023 09:47:18 GMT+0700 (Western Indonesia Time)","2313","3","A","93KQN16bNLmAINwsNoGeXwof9PBnSwjGIpUL7Bs8","65"
"179","WIYOSI MAHHARANI PURWANINGTYAS","105355",,,"9GzEhQDVK3gXwMGRmjdBciwN8DzCwVJdFlUWlY8R62aE1sN3eYwsYFyxVrcd","Thu Sep 21 2023 10:19:42 GMT+0700 (Western Indonesia Time)","Mon Jan 08 2024 18:20:36 GMT+0700 (Western Indonesia Time)","1061","3","A","FocIWNear6pd0ijhGWZn7BMEEgJMuFSh4Wpjg4F2","660"
"192","MUHAMMAD ZEN WAWAZER","19920101432",,,"9bB5U4p0TGXNDgeYijLps3Gl8gdJGUEgYIH6IY91aaY8FXjlatt6jUhSza5r","Thu Sep 21 2023 11:20:13 GMT+0700 (Western Indonesia Time)","Thu Dec 21 2023 21:09:25 GMT+0700 (Western Indonesia Time)","1011","3","A","WvgDsuihnh3OxgIltLc2EDPMquY4oqyVPKFDEHSk","66"
"201","MUDE RAYAN","104837",,,,"Thu Sep 21 2023 15:08:58 GMT+0700 (Western Indonesia Time)","Mon Jan 15 2024 09:25:21 GMT+0700 (Western Indonesia Time)","2211","3","A","9V5MFrTpF3HTv3l5t3GWU7HN9ukLLhjNvEqWCgPe","72"
"202","AHMADI","101755",,,,"Thu Sep 21 2023 15:10:10 GMT+0700 (Western Indonesia Time)","Wed Nov 29 2023 10:58:30 GMT+0700 (Western Indonesia Time)","2214","3","A","UstYxbvkwTaaBNeFdu97DDC8Sb4ma73tF5lxjSw4","72"
"203","AMALIA DOS SANTOS","103877",,,"JiomipeE7hT7OeaeEJyaKvJieOdA2PAj5lOj913QlA1m4o65wTBZuyq4y1gA","Thu Sep 21 2023 15:10:19 GMT+0700 (Western Indonesia Time)","Tue Nov 21 2023 10:36:36 GMT+0700 (Western Indonesia Time)","1131","3","A","vzJtXMtaSBB2fHDPpZQ7bXTDSqOerz3lsRHtOlgm","663"
"211","I WAYAN WARNITA","103155",,,"qpsm3DYQ64hs18r1BEzHok24nRvyi0ydumQ7CDMmtfj5Y3Nzr6LTzX7NlGPA","Fri Sep 22 2023 05:16:32 GMT+0700 (Western Indonesia Time)","Thu Dec 14 2023 08:50:47 GMT+0700 (Western Indonesia Time)","1090","1","A","zlsOy5kIQJNwIRpUNRF9l8cWGJzxy5jvbEjfK1WU","663"
"224","FIRMANSYAH","106855",,,"fuxBlztjswjaGa8gC1R6ahgiUGsj3Ct8SyyDyVvpE7zZz09jLT9LWUFo0Dtf","Fri Sep 22 2023 14:27:10 GMT+0700 (Western Indonesia Time)","Fri Jan 12 2024 15:44:45 GMT+0700 (Western Indonesia Time)","2301","2","A","vN6FMO1EnVAvCU5l6y4XA8uAGfyDOwGcLxpQRKeO","65"
"229","WIDYA SARI ARITONANG","106530",,,"gimJ1yqULkJHmPJQGTH4wPLFhrmxs3L9SIFp0vUFtxWAIozHJrTjGLdYUyyS","Mon Sep 25 2023 09:33:10 GMT+0700 (Western Indonesia Time)","Tue Jan 09 2024 18:38:07 GMT+0700 (Western Indonesia Time)","2217","3","A","MJxp4F5JLZ2XFIkBQkWTi8j0Jv75ePJiqVtfvem0","72"
"233","RISTA OSTARIA E.V.S","101090",,,,"Mon Sep 25 2023 13:24:32 GMT+0700 (Western Indonesia Time)","Mon Nov 06 2023 10:59:49 GMT+0700 (Western Indonesia Time)","2202","3","A","oWAB0433a7k61QuP0IRC1BINq9EwuJJTOoWnRQOg","72"
"234","MANGIRING TUA PANDAPOTAN SSM","100678",,,,"Mon Sep 25 2023 14:00:10 GMT+0700 (Western Indonesia Time)","Thu Oct 05 2023 13:45:24 GMT+0700 (Western Indonesia Time)","2202","3","A","lmqzQFHVFBYZ0rS8ynUiIb8HvzTyvwgHC2HZgHtQ","72"
"245","PRIYO SEMBODO","0391023130",,,"ohMIpi5Kq43XxcnqHoUNHXPRdsN9D5dT7moLzwLW2eaehJm8eUpcEbl9QuV5","Fri Sep 29 2023 09:31:44 GMT+0700 (Western Indonesia Time)","Mon Nov 27 2023 14:48:40 GMT+0700 (Western Indonesia Time)","1021","2","A","J3AXUCMqRIdmNOEt0svFHe8JZkZ6mqmQIJ0tzl1C","660"
"249","ARDIAN PAHLEVI","0385042273",,,"TKQ9FQf1kgvTH368uL61sDrE1juEvqCvcIldrdeiMkg9wd7yKmbErWk7eITG","Fri Sep 29 2023 20:38:50 GMT+0700 (Western Indonesia Time)","Wed Nov 01 2023 15:01:24 GMT+0700 (Western Indonesia Time)","1021","2","A","X8AY8tV76OBsWPK0lZijROnJOLqiZvfvUSZcxlXn","660"
"253","HENDI TRI ARGOCIPTO","102344",,,,"Tue Oct 03 2023 09:16:11 GMT+0700 (Western Indonesia Time)","Tue Oct 03 2023 09:16:11 GMT+0700 (Western Indonesia Time)","2504","3","A","UHyTZ4aBDlIPWV1n69kQLI1DtMvBhF3yBw46b9fX","67"
"262","RIZKI ARDIYANTO","0390100282",,,"fx5WIavxhmRaX40VACWIvW7MFgOfa93l3wjd6Iu3UvSdmDvELuwoa9ipYRTB","Tue Oct 03 2023 11:46:25 GMT+0700 (Western Indonesia Time)","Mon Dec 11 2023 11:09:41 GMT+0700 (Western Indonesia Time)","1021","2","A","0p366a3q8K26VkDwtZPViecS9hF5skp0obGubEXF","660"
"279","MENIS YUANITA ROSIF","106039",,,"czpHTiYNa9TCLKK7Mgo8KG2IDHLFuJzhRwcEEkYhu3h3DUw8GwWA5acyWPDv","Thu Oct 05 2023 13:48:16 GMT+0700 (Western Indonesia Time)","Wed Feb 28 2024 17:09:13 GMT+0700 (Western Indonesia Time)","1011","2","A","UMGcdqUjGOKjCTORt6XTED3YKkb0YhKaX5xFXnX9","66"
"280","AJIE NUR RENDRAGRAHA S.","106376",,,"iSvUPQo9OWVVskHdj8ZycZ9yDz8aQTHWFowewbJSW2ufmGNIgVcEzm8is28T","Thu Oct 05 2023 13:48:44 GMT+0700 (Western Indonesia Time)","Thu Jan 11 2024 17:21:44 GMT+0700 (Western Indonesia Time)","2311","3","A","sbx5vBuGAoCsEiMx8MtXwO93Iz0Nt9WPnSagm1YW","65"
"281","MUHAMMAD NIZAR","0592113678",,,"MLduqdnUcZFasrBm6reeriHtq9gzEnzailbu73YhLUJZpDy7gO8PJFo9Nsmb","Thu Oct 05 2023 13:50:22 GMT+0700 (Western Indonesia Time)","Fri Dec 15 2023 17:04:45 GMT+0700 (Western Indonesia Time)","1020","3","A","ywdRjE65DkxZDvuOBR1Pvez2DoN4DKkje7ukPzkq","660"
"293","ERNA HAYU HANDAYANI","104235",,,"vnO5dRvvOEemdD1PyIu8cVKrf2GLpzKynvrwGREab9xlNBDdywLhCB4dGvcV","Tue Oct 10 2023 13:45:26 GMT+0700 (Western Indonesia Time)","Tue Nov 14 2023 14:29:59 GMT+0700 (Western Indonesia Time)","1011","2","A","RAO2MtpVP1egZJwLFscXOy7ixg1SDNyGyGf7l0fE","66"
"308","MOCHAMAD AMIRUL ARBI","0291112373",,,"IKVDobya5yksGJehje8ZLRE1Axxbc69P6RIxraRbDw88TZqagZdgUL5sqlet","Thu Oct 12 2023 15:25:45 GMT+0700 (Western Indonesia Time)","Wed Dec 20 2023 09:34:06 GMT+0700 (Western Indonesia Time)","1011","3","A","OhVOozjRqaIIrtzJ9q6JQDos48m6nZ23hwQMYlvY","66"
"317","HATIJAH","103041",,,,"Wed Oct 18 2023 14:50:57 GMT+0700 (Western Indonesia Time)","Wed Dec 06 2023 09:32:29 GMT+0700 (Western Indonesia Time)","2502","3","A","py9jzFioHEo5KB1OZFblPcbeE0X7usmUDOX4HwsW","67"
"335","ERVIAN WASIS PERMANA BERUATWARIN","105015",,,,"Tue Oct 24 2023 15:28:38 GMT+0700 (Western Indonesia Time)","Tue Dec 19 2023 18:00:04 GMT+0700 (Western Indonesia Time)","2519","3","A","qeXeHdbtcVwsGANNicYxckN1ax1443FLuwtulovc","67"
"337","ASIH NUR FADHILAH","106223",,,"b0OMOabJ2hYUm38gmIxeIHM7w3j29w4eDx4k0W7azXNv9UzyIqpwUHjH8yWP","Wed Oct 25 2023 13:44:13 GMT+0700 (Western Indonesia Time)","Fri Dec 15 2023 14:48:47 GMT+0700 (Western Indonesia Time)","1011","3","A","ODvkcIhHyRyRe5UTvrsY152wU3q1uoOulWFhhgJR",
"340","ANCILIA DYAH AYU W","19930502442",,,,"Thu Oct 26 2023 09:16:59 GMT+0700 (Western Indonesia Time)","Thu Oct 26 2023 09:16:59 GMT+0700 (Western Indonesia Time)","1011","3","A","qel4QkIyDSI8mlriIx7pm2ZHPcrmyZSL6ZcRhcO3","66"
"341","RESTU ARDIAN PRATAMA","0391110303",,,"S1qubmPp9mUmalk8Yc9vprfZrsgez2q7je6VOhYDsqSoPyGw4awsgWk8gaYC","Thu Oct 26 2023 09:34:18 GMT+0700 (Western Indonesia Time)","Tue Dec 19 2023 10:22:04 GMT+0700 (Western Indonesia Time)","1021","2","A","zaJQqu4GQLLuMxTAkqFqYGzPLWFAP1CeHbIDAM4D","660"
"344","ERRY YUNIANTO","104350",,,"mMSzsTuNvBuFWe4U9v5FpoLzNFUah67AK7f6jebKVBvPZji9CIJYpKea3nzY","Tue Oct 31 2023 09:00:51 GMT+0700 (Western Indonesia Time)","Fri Dec 15 2023 14:14:07 GMT+0700 (Western Indonesia Time)","2305","3","A","JeUItZgzOKzw5BzRqLw01RPNLYkZbN2yH0ktfKOV","65"
"120","ACHMAD MAULANA ANDRIJAYA HARTA","104058",,,"o0wwy1cpnMCHkHC46at0YegmTO17Ze8djrLsMeT09vQVFzH7CvPYQjvMiMej","Wed Sep 20 2023 13:50:42 GMT+0700 (Western Indonesia Time)","Thu Aug 22 2024 16:58:30 GMT+0700 (Western Indonesia Time)","2011","1","A","9aVI3x2NFgis8yOziHBLPRD1FT3vjjR8iwNVeu4v","0"
"209","ZAENAL EFENDI","103118",,,"hMlBw9Jw2HPRm9PNaaeWrgtqpoGvnWdEWANEAVxt7qbFPBDrQW3KlavMiMd2","Thu Sep 21 2023 19:55:09 GMT+0700 (Western Indonesia Time)","Wed Jan 03 2024 09:26:11 GMT+0700 (Western Indonesia Time)","1081","3","A","Xb21xcR9doxC3W1AZR4RoR8pqP7HqbS6uwVwQtlI","660"
"212","LIES FITRIANA HANDAYANI","102277",,,"gEw35fvkt8ZuF7hJnNjrHzCfvmHG2dQlXDJDcDfc6aN8Dg7Dp34iWyHtnzbT","Fri Sep 22 2023 09:53:59 GMT+0700 (Western Indonesia Time)","Tue Oct 24 2023 08:57:10 GMT+0700 (Western Indonesia Time)","1174","3","A","lfIx4E0cB8yOOAUDGyob8FD93GGtrHtEE0A1dcpz","662"
"235","ALBERT SIHOMBING","100909",,,,"Mon Sep 25 2023 15:46:57 GMT+0700 (Western Indonesia Time)","Wed Nov 29 2023 09:02:58 GMT+0700 (Western Indonesia Time)","2211","3","A","Uv7YJOuiufF5rbXGU4aYzKyeHIcak4lnsBrFlKzp",
"236","BAGINDA ALAMSYAH LUBIS","105626",,,,"Mon Sep 25 2023 22:39:46 GMT+0700 (Western Indonesia Time)","Tue Dec 12 2023 10:19:32 GMT+0700 (Western Indonesia Time)","2202","3","A","tvBFCpBIOnRVLUyGmPvtNBMt1pgzqd1eTo6LIrPM","72"
"242","MUCHAMAD MAULANA ALFANI","19991202752",,,"onxOltKV7U1TiAdBuRjvxyRSRrzyLZprQa1hOy4kIAduGjY1N1p6xWtPtKPt","Fri Sep 29 2023 09:12:05 GMT+0700 (Western Indonesia Time)","Fri Feb 02 2024 10:30:16 GMT+0700 (Western Indonesia Time)","1011","2","A","gJVo1EDCep1tvCemEnKhySj6xiUrOjRDplfVleE9","66"
"243","WIDODO KUSUMO","101458",,,"P02IU5eTU2NZ15Wc5IhcmGb1g1Tk82cOZijfMQ1cMOgtHsbxZtBvapoC14Iq","Fri Sep 29 2023 09:12:24 GMT+0700 (Western Indonesia Time)","Wed Dec 20 2023 17:12:21 GMT+0700 (Western Indonesia Time)","1062","3","A","Pp1RKItW9s5dAUEBdBcxmKFWE2VzNH5dZQbzJYOA","660"
"246","PUJIYATI","102342",,,,"Fri Sep 29 2023 10:42:34 GMT+0700 (Western Indonesia Time)","Mon Nov 13 2023 09:07:21 GMT+0700 (Western Indonesia Time)","1081","3","A","DSOPMNsEQibNVcjJeM4zm8iFjCBCWHCPLI4WNPL0","660"
"247","INDIRA HAPSARI","0594022376",,,"OpAVigzEXJQhPxdJiA86TGi1WAN44AHRKjnHHOP8JjyV60iKEJq4c8oykXWT","Fri Sep 29 2023 10:53:38 GMT+0700 (Western Indonesia Time)","Wed Oct 25 2023 14:34:46 GMT+0700 (Western Indonesia Time)","1071","3","A","2yq7ox1B8Vpny9G2lsvHrdnbbEsIV6y7nRCMifQH","660"
"260","AMANDA DEWI PARAMITA","105173",,,"bTm59GaANg4t3mFY7Dub2iZJSqnPL5dFWyr8EFZfhXV4zmcajF8HDLcYxC9y","Tue Oct 03 2023 10:41:42 GMT+0700 (Western Indonesia Time)","Thu Dec 21 2023 09:13:40 GMT+0700 (Western Indonesia Time)","1021","2","A","8Yf0Ym3Q9we5yyX9LrcBbRgfP7HaQsSfBUWDFU5L","660"
"263","DODI SAFRUDIN R","100598",,,,"Tue Oct 03 2023 13:53:05 GMT+0700 (Western Indonesia Time)","Thu Oct 26 2023 13:07:28 GMT+0700 (Western Indonesia Time)","1011","1","A","8NtPtfiwkwZbcHJSxRODKjIuDnCNBDw2DHXncZXB","66"
"266","APRIANUS MANDARU","1276082225",,,"oUKpJp2aftlVvYmaSMsnL6d3DQjwZMxMgJMAaGAk6KD5MNO6RPNkgbviC07U","Wed Oct 04 2023 09:25:55 GMT+0700 (Western Indonesia Time)","Wed Nov 08 2023 08:28:11 GMT+0700 (Western Indonesia Time)","1142","3","A","lqBh6qiC2qz6rfN8w9JotMMwCrF5ssXwPWiPLNIw","663"
"267","HAMID","104419",,,,"Wed Oct 04 2023 09:33:04 GMT+0700 (Western Indonesia Time)","Wed Oct 04 2023 09:33:04 GMT+0700 (Western Indonesia Time)","1021","2","A","o9ElkjVwNRvsmvEEF4zikwxb1Wl1SICwyLYaW582","660"
"271","DINA PARAMITA","104677",,,"n5wujB1HtrbsbT6D87B9BKAbsREOD5yfAnAv1XUvEIRR67QYB7D5jdqQNha6","Wed Oct 04 2023 12:27:35 GMT+0700 (Western Indonesia Time)","Mon Oct 09 2023 17:11:19 GMT+0700 (Western Indonesia Time)","1061","3","A","1q6liJESDOAJslZEsbwBCLeoxkiJwsSfNhkFlhYO",
"272","SHOFWAN HADI","104151",,,"8hcY83id9CvbZFKio6ttsbi4uhCbRmYW4fdef4olKi0scFseH71cBFjP5xjl","Wed Oct 04 2023 12:28:02 GMT+0700 (Western Indonesia Time)","Wed Jan 03 2024 16:16:19 GMT+0700 (Western Indonesia Time)","1071","3","A","owoQwq1wyWTLA5c1L7sQSm0SssoeQnitnIJ0ZRgt","660"
"273","ARTSSWINDA AYU BUNGARA","106754",,,"DoCLQUvdQzGhZ5jfaa7nvNcBazzsD8mWNwwZ8sGxfEV7dgYPBrsggDI6SUHq","Wed Oct 04 2023 12:29:09 GMT+0700 (Western Indonesia Time)","Mon Dec 18 2023 10:12:28 GMT+0700 (Western Indonesia Time)","1071","3","A","cwwdj2IEpagtVx27ewc8hUB0On9bBk8r0uDiXGS9","660"
"274","IRVAN RINDIANTO","102861",,,"JgvpqraPafQPZ9K3ZLFl9oFqWkdNqR4sKvFKVKDalFFps61cR2x8cndDjOC5","Wed Oct 04 2023 12:30:50 GMT+0700 (Western Indonesia Time)","Mon Oct 23 2023 08:28:55 GMT+0700 (Western Indonesia Time)","1062","3","A","HqAABBPphFnR0AP6CuFE1WN1ZB0LMECV4GKp0FzO","660"
"275","BALADA WINDI AL QAYYAM","104518",,,"MYV8NxKhrMJMAMbwHuPwpYPyzZGF1hB91lcNeBaTPu1jnNHMPaJEiMUmxGga","Wed Oct 04 2023 14:52:12 GMT+0700 (Western Indonesia Time)","Mon Feb 19 2024 10:07:36 GMT+0700 (Western Indonesia Time)","1051","3","A","BWWamjOzzPj7UgevQvkB0gwsDAkBKGvVEgzGHuEn","660"
"283","HARI CHANDRA SUTRISNO","101668",,,"zkSzLPLyGanFbzIEIhtG8MvZgTPuhNmEiPImT1cIBkvSpv0xZGBnUSQSnHyj","Fri Oct 06 2023 15:26:51 GMT+0700 (Western Indonesia Time)","Thu Nov 09 2023 14:00:58 GMT+0700 (Western Indonesia Time)","2512","3","A","T7OBvHEdKi0pXqgfE3Axu61TzqAnSHArSEozoMG9","67"
"285","SYILVIA ROSALINA INDAH","106206",,,"HqvZkBWFXMVJcVM6M791Ewb4P48OyyIhT6zdreZMip5dgxJ1QE3bgw4qPXOY","Tue Oct 10 2023 08:20:27 GMT+0700 (Western Indonesia Time)","Thu Nov 09 2023 10:39:11 GMT+0700 (Western Indonesia Time)","1011","2","A","yj14zQ0caSgvWz97bhOkM5Y4VT0a2bLFYAPnAQ5c","66"
"286","HINA PIRANDAWA","102426",,,,"Tue Oct 10 2023 08:28:32 GMT+0700 (Western Indonesia Time)","Tue Oct 10 2023 10:21:19 GMT+0700 (Western Indonesia Time)","1142","3","A","wJCH8k3KXImQL24z5sBZ16A9ojzXZ7HIMdb7Y8rf","663"
"287","SYAM ABDIRRIZAL","105629",,,,"Tue Oct 10 2023 08:44:50 GMT+0700 (Western Indonesia Time)","Thu Nov 30 2023 15:40:35 GMT+0700 (Western Indonesia Time)","1011","2","A","D4VyfP4AcLQbonUGw6l3Lk0dDDzsxiCqSOUiLUF4","66"
"288","MAHMED FADHILLAH","105121",,,,"Tue Oct 10 2023 12:16:00 GMT+0700 (Western Indonesia Time)","Tue Nov 14 2023 14:55:23 GMT+0700 (Western Indonesia Time)","1011","1","A","X54k68vU5JXDjJFx2hRkLes3XmQp7JFZ2Lago9xa","66"
"289","IWAN SULISTIONO","104051",,,"0KC1Aj1VkXaAXJdQwzYvkmMEt8YvEWYnfOdlKzqWpKkeMD4istLOydOm1YbE","Tue Oct 10 2023 12:17:26 GMT+0700 (Western Indonesia Time)","Thu Oct 26 2023 10:52:22 GMT+0700 (Western Indonesia Time)","1011","1","A","GesK1AEeYJXYNp2dB4vssXXFl1WS7Vv4GNE6VRuq","66"
"290","AFIEF RIYADI","106281",,,"tiiN4zhQ9dNdVDwSbenalzbLRl2iAmqq6lUpPhvSsJ31FocM39pxqvBS0Bl2","Tue Oct 10 2023 12:18:35 GMT+0700 (Western Indonesia Time)","Fri Feb 02 2024 09:09:07 GMT+0700 (Western Indonesia Time)","1011","2","A","Tdgz108LdS8gtCpYMyO65YetoyWUIHw4d0aekiQA","66"
"291","HERI AKHMAD SUBIANTO","100668",,,,"Tue Oct 10 2023 12:24:46 GMT+0700 (Western Indonesia Time)","Mon Oct 16 2023 08:44:02 GMT+0700 (Western Indonesia Time)","1031","1","A","zb2rDY64VdPKMQV11yjlAjDztOODgfcNThuXlK1g","660"
"292","DODDY FERYANTO","104011",,,,"Tue Oct 10 2023 12:25:32 GMT+0700 (Western Indonesia Time)","Tue Oct 10 2023 13:59:15 GMT+0700 (Western Indonesia Time)","1011","3","A","i0o6XoyUK1RTzBpp3OBdHkNejEU5JyxhEVsIIPxZ","66"
"294","WILIS AJI WIRANATA","103587",,,,"Tue Oct 10 2023 14:23:33 GMT+0700 (Western Indonesia Time)","Thu Oct 12 2023 08:42:46 GMT+0700 (Western Indonesia Time)","1011","1","A","u8cA3KXBkTYdw5vmh45jIsZduLDUEsx43BIV6sVz","66"
"296","ERWAN KHANISSUMA","104061",,,,"Tue Oct 10 2023 16:29:43 GMT+0700 (Western Indonesia Time)","Tue Oct 10 2023 16:36:55 GMT+0700 (Western Indonesia Time)","1021","2","A","xcACsTCVh2aY02DL2OvpGOw41wg7rYe3BMao5SFF","660"
"297","M. BINTANG HIDAYAT JATI","0390103599",,,,"Tue Oct 10 2023 16:38:32 GMT+0700 (Western Indonesia Time)","Mon Dec 18 2023 14:34:20 GMT+0700 (Western Indonesia Time)","1021","2","A","8KJPoQJQylvwuvHfyLN3SRbKJCASPMT3NfLYNyT4","660"
"298","ARIS RENDRA SETIAWAN","19950600873",,,"wtG0NOCAhgRwq22SY7aGAGnN1aKSjafl5QNqm1k5aYx6B1wyVN3V4Jh9M6vY","Tue Oct 10 2023 16:42:29 GMT+0700 (Western Indonesia Time)","Mon Feb 05 2024 15:10:32 GMT+0700 (Western Indonesia Time)","1021","3","A","8Uv7s6wuwOQrgki07OQhZUPrlo2XAwK4jY89vqU5","660"
"299","ULLY YUNIAR PERMATASARI","104607",,,,"Tue Oct 10 2023 16:42:31 GMT+0700 (Western Indonesia Time)","Mon Dec 18 2023 09:54:26 GMT+0700 (Western Indonesia Time)","1021","2","A","opxkUDWCTRHFGw89LRCfOnTKH7c3PAcBFW3IoqWV","660"
"300","CAHYA ARIEF PRAKOSO","19950600790",,,"ofVWkrXRLqdVn2KfswCM8pSViiYhrTV3eYgMuyw2JuQbrriOyWRr4bCMAbIp","Tue Oct 10 2023 16:45:34 GMT+0700 (Western Indonesia Time)","Thu Nov 16 2023 16:36:53 GMT+0700 (Western Indonesia Time)","1021","2","A","kgaLtNV53y4gpyK95VwHsGiS1v8qFOLf5jJ1A6Jh","660"
"301","AGUSTINUS WIBISONO","0388082501",,,"5l6Jlk0fF4d2BFnLH3Ul48sNV0FuTiiMl1jo8wUIhIhYjTSUCHApGmX3sLEZ","Tue Oct 10 2023 16:45:56 GMT+0700 (Western Indonesia Time)","Mon Dec 04 2023 10:39:01 GMT+0700 (Western Indonesia Time)","1021","2","A","MJnyBiu9fxatXkvmjtDUIMO49W3nAPAlZyjaHejX","660"
"304","QOIRUL SETIAWAN","106365",,,,"Thu Oct 12 2023 09:21:37 GMT+0700 (Western Indonesia Time)","Wed Oct 18 2023 10:05:59 GMT+0700 (Western Indonesia Time)","1090","3","A","03cNrpdOKYNkRoaT0HKBXsHNCKidBTTny4GeH8sH","663"
"307","FANDI INTAN PRAKOSO","105235",,,,"Thu Oct 12 2023 13:27:28 GMT+0700 (Western Indonesia Time)","Fri Dec 15 2023 10:20:25 GMT+0700 (Western Indonesia Time)","1090","3","A","jBaCP5sYssjwo8MR1c1JoKpzaFSO8ON9Hx7nisd4","663"
"313","ZAINUDDIN","101212",,,,"Mon Oct 16 2023 11:31:15 GMT+0700 (Western Indonesia Time)","Wed Nov 29 2023 09:22:39 GMT+0700 (Western Indonesia Time)","2201","2","A","0uCgKMbIvos74zI4wb0izRTnrQmi9vXkfWr1OgBq","72"
"318","MOHAMMAD REZA ALICHSAN","102165",,,,"Thu Oct 19 2023 14:48:36 GMT+0700 (Western Indonesia Time)","Thu Oct 19 2023 14:48:36 GMT+0700 (Western Indonesia Time)","2303","3","A","BVAiN9eFz2fLvjQcbX7nnYuvqeFDCHpCcp0Oe4BV",
"321","ADOLF HANDOKO RAMADIAN","101535",,,,"Fri Oct 20 2023 14:21:38 GMT+0700 (Western Indonesia Time)","Thu Dec 07 2023 10:33:28 GMT+0700 (Western Indonesia Time)","2304","3","A","RfPR2be5KUSUYzmmT2bi39ga0CfdEt9bEHkav0s7","65"
"323","RENY DARA AGUSTIN","105354",,,"FfSewoSew6Hw1ITo6xV71XvaLBCUQYmEFehGdRBV5Xr6YRpjAy4NfAHp3K2b","Mon Oct 23 2023 10:24:34 GMT+0700 (Western Indonesia Time)","Fri Jan 12 2024 15:46:35 GMT+0700 (Western Indonesia Time)","2304","2","A","xPI1xTocERRRjYjDy8abnHrfbyPDWrYrBx6SP2wy","65"
"327","AHMAD SAEHUDIN","105416",,,"wZrAVQGuESOxk5Kd1Fl8nwtSkEhJl6GBJPLZItDlk3EIAcoCrQDaU6flRgwt","Tue Oct 24 2023 09:16:58 GMT+0700 (Western Indonesia Time)","Thu Dec 21 2023 09:15:26 GMT+0700 (Western Indonesia Time)","2302","3","A","qaHgvnNHQLxavVLp4I1SVzjVuSkbBbnM6VuPTpIp","65"
"328","ILHAM RESTU SAPUTRA","107270",,,"cDSqWJNgIZRkXyTz1kEJBxYWqi15Iptab1sSvSCf0Fne88yRtOVh7b39dM2J","Tue Oct 24 2023 09:17:33 GMT+0700 (Western Indonesia Time)","Tue Feb 06 2024 10:13:52 GMT+0700 (Western Indonesia Time)","2302","2","A","gTbirnObnNHiId2pTNeJA1TvVyKd4KeFkhVgpkXe","65"
"329","MIMI HELMINA","104578",,,,"Tue Oct 24 2023 09:29:52 GMT+0700 (Western Indonesia Time)","Mon Nov 13 2023 10:21:24 GMT+0700 (Western Indonesia Time)","1182","3","A","v7SizfhzdINzHnVMHoQBEmz5AcpiG0Zna6wJM9nb","662"
"333","FANDI PRAMANDA","0394033583",,,"aOb2YNqhe1XbpiUxqQf3d0FMq38BcMDMPwDVdVtGCWtAiDM2l9P2KPLysk8x","Tue Oct 24 2023 14:16:39 GMT+0700 (Western Indonesia Time)","Mon Dec 18 2023 22:08:41 GMT+0700 (Western Indonesia Time)","1020","3","A","BczIbLgcB8lSOO8KKkglV7EEB8zcxnCPDlwbm5Y8","660"
"334","BUDI MUJIYANTO","104313",,,"OG6pdRs3nu8ArXtWU46wY39G4z2NMn8WwBbgb0wmwUTceT4CA89CRHML961u","Tue Oct 24 2023 15:12:46 GMT+0700 (Western Indonesia Time)","Tue Feb 20 2024 16:15:34 GMT+0700 (Western Indonesia Time)","2301","3","A","0gd7fIZOxtEoMHUsm4crRL7UBlviV16eKz6tO868","65"
"342","BASUKI RACHMAT ZAMZAMI","106390",,,"mQ1SjSkSh8CaZ4iJymb5TjsVRyyz8lFoGvdIqV27uwzjOs3p4ftS6ayGmzNo","Thu Oct 26 2023 12:01:23 GMT+0700 (Western Indonesia Time)","Wed Dec 06 2023 10:30:13 GMT+0700 (Western Indonesia Time)","2301","3","A","yjTkzghuOxz9ISZIrxhpDIzd6VwNlPU5xLZwQsyk","65"
"343","DONNY HERYAWAN SETYAPUTRA","105251",,,"VCxXOcKFTGiGdtEG3WQ3guhNWEXDpjy2r9bGrhoJLj6Tz1fsJklLfC68fsqx","Mon Oct 30 2023 17:20:15 GMT+0700 (Western Indonesia Time)","Fri Dec 15 2023 09:00:54 GMT+0700 (Western Indonesia Time)","2305","2","A","hxF6pmQtIfGQFc6rFePw0Ka0P9IAsjCdeymama3Z","65"
"348","GEDE ARI KRISNABINANGUN","106732",,,"nZ5VqHjLBkDJC3z5GLnDAUQ2TMOLSOEeHfC7l101ksTID10Oe3VRl82Qa0QZ","Wed Nov 01 2023 09:35:47 GMT+0700 (Western Indonesia Time)","Tue Nov 07 2023 09:01:20 GMT+0700 (Western Indonesia Time)","1101","3","A","o3kzNQ9kw1a6xlzPmDTFba8vUI7p2KpzzFddWpLr",
"349","ELLINGKARI SEPTIYANUS HULU","102524",,,"IRq4hjVkokvuIezWnsuBYQE0fMG2cNp2U6ttIJBX9MgA6SHnpyso6yxFuUuV","Wed Nov 01 2023 10:34:41 GMT+0700 (Western Indonesia Time)","Mon Dec 04 2023 11:44:05 GMT+0700 (Western Indonesia Time)","2226","3","A","Y3GxevBcOvsMpEnSrZqngFcXV5ccmcukNPuPWwCv","72"
"351","DINA RAMADHANI","105259",,,"WU5fAG7fJl5MZJCdj1ZbTz4DOpMEPeaC7tSsvaQZNUdw6ydhmrhFoq5VUB4r","Thu Nov 02 2023 13:55:40 GMT+0700 (Western Indonesia Time)","Fri Dec 01 2023 16:08:28 GMT+0700 (Western Indonesia Time)","2202","3","A","ArLFpNHjZ19jLQpgeq8rLxCQmNEMgS1DikQMgueo","72"
"352","ANDRY WIJAYA TAMONOB","105753",,,,"Fri Nov 03 2023 14:38:14 GMT+0700 (Western Indonesia Time)","Fri Nov 03 2023 14:38:14 GMT+0700 (Western Indonesia Time)","1121","3","A","7KXOtrJNg9rcoHAYkFFARC4t9P21JSc17sxV54wR",
"353","EMI PURWANINGSIH","101939",,,"AObdZTEtLwKqKJpmnWtHWxEMkNUOav6IF4yUwGNzmBKpMnSZURbn2bOheYWZ","Sat Nov 04 2023 08:39:49 GMT+0700 (Western Indonesia Time)","Thu Jan 18 2024 12:03:04 GMT+0700 (Western Indonesia Time)","1021","2","A","gK515cr2AQo5HJ8Zk71JG8Wf7XYX4uEBBuWcBbmt","660"
"357","KRISNA INGALAGA","104399",,,,"Tue Nov 07 2023 09:47:01 GMT+0700 (Western Indonesia Time)","Thu Dec 07 2023 17:57:05 GMT+0700 (Western Indonesia Time)","2204","3","A","TAepED0AT1TXnJT0S2AIodk4bvNySiiToaBvi8tq","72"
"360","PRATOMO GALANG WICAKSONO","106853",,,"HqYqTBAdnTieXkJeuCTh1nyao5QRgqA1SvRT3pAjTxg1HnwxQMyB80tl5qaD","Thu Nov 09 2023 10:03:40 GMT+0700 (Western Indonesia Time)","Fri Feb 02 2024 16:25:22 GMT+0700 (Western Indonesia Time)","2204","3","A","CIQ2hNshZ4tYwvv0vF80EF6ZeYpRMPOLi5NWw8D5","72"
"361","WAHYUDI","101471",,,"0vCuKA0TEcEpw4AXosKsnYD8V8s2AHCsoVocQbVOInM74AsywtLFK1mYtrw0","Thu Nov 09 2023 14:45:16 GMT+0700 (Western Indonesia Time)","Tue Jan 02 2024 09:10:02 GMT+0700 (Western Indonesia Time)","2506","3","A","lIv0HEM1edPvO7TJPhu2uVN23pQnSi0B8cEwC7Kh","67"
"365","TIO SATRIA PRATAMA","107061",,,"nDbtB8NYhzHQx1PMO6VyEqAcxHEgbduX7SX7971F7Wz7Euy1iQswbRLLawin","Mon Nov 13 2023 16:38:53 GMT+0700 (Western Indonesia Time)","Fri Feb 16 2024 10:16:50 GMT+0700 (Western Indonesia Time)","2302","3","A","pAxSFnRqOper20c4oVDsNqBSnkXpJppfd1NsDAII","65"
"0","ABDUL RAHMAN NASUTION","103061",,"4CB7B0773869BFA442EBA2799CCDE7DFDF1AB53864AB37B0CAA651BB1BBF6655D879F5043772A4789F91DDE8A8AD969AFD1646F196E91EF89055D5612AB2C8EC","8dyaG81ANm3JGseTGZy3HCcPOtMdyYkr2pXmznTeQTKRvY9xZyo34LyLKmjT","Thu Sep 14 2023 15:49:16 GMT+0700 (Western Indonesia Time)","Fri Aug 23 2024 10:32:54 GMT+0700 (Western Indonesia Time)","2011","1","A","ftRyZhvjVD9JTqxcWpGMJL8VoYftZdNoaTWZqMsd","0"
"1","FRINS APUL SIMARMATA","104052",,"9F869CDC5D496B1DB48588952EF249FB2DF79F89F182C7970DAABA2677934D9276D7E365B5F532E4FCEA0BDAA7C8A6E3106C39EAA0B8AED451544EBE879447D9","NjYhiQ8QyH6OeZGGp27LGUBQgrI9EYepTgjA5J9PfZNe7GXJlXETFoJFJXyY","Thu Sep 14 2023 15:50:04 GMT+0700 (Western Indonesia Time)","Mon Feb 10 2025 17:25:51 GMT+0700 (Western Indonesia Time)","2011","1","A","7z2MaTWDdw0rHnBTMRvFmEmyRvxcCsImT83nA2sf","0"
"2","MUHAMMAD HERJUNO","105799",,"6473E132B1A4B117F6294497FFAF3AAA5D2E68EE5777ACEFCE52937C6F2B5B8EF7E8AE913E7298BCC6099073025D328B2A9E1835A95B1FD7D3565F010180BF20","8MrlPmJmhW4llylosKRnEtk4RtKAayk0rtNPk5UyLIKbEq5CsApscOOiQI16","Thu Sep 14 2023 15:51:13 GMT+0700 (Western Indonesia Time)","Wed Oct 18 2023 09:27:45 GMT+0700 (Western Indonesia Time)","2201","2","A","OoqS5dj3UceSMgthGBleR8UG8CI68iwsW046ts19",
"3","ANDRI EDWIN","103275",,"804F50DDBAAB7F28C933A95C162D019ACBF96AFDE56DBA10E4C7DFCFE453DEC4BACF5E78B1DDBDC1695A793BCB5D7D409425DB4CC3370E71C4965E4EF992E8C4","hF0iacsXzrdJ8ASG1pmoTm7kPz3ct8F19iKfIy3vmNKhSLP5vaJuPLLbGJ13","Thu Sep 14 2023 18:13:39 GMT+0700 (Western Indonesia Time)","Wed Jan 03 2024 12:01:04 GMT+0700 (Western Indonesia Time)","2204","3","A","WrEKFvGk96zQ7WWwvinsEaTlSSS2YgzCFOCZ9rzM","72"
"122","PANJI TRI WIDYATMOKO","106532",,,"spMJC0mt0rRzU3snZmjoRZnFSDdpYR2b2psIPUTBuLWHcejbsGtLkAIWUYyv","Wed Sep 20 2023 13:55:22 GMT+0700 (Western Indonesia Time)","Wed Feb 07 2024 11:33:39 GMT+0700 (Western Indonesia Time)","2301","2","A","7P0H8HGdCuuAVo418ZAGdDL4LGSTjtUTeMP2qZqM","65"
"123","IKA BAGUS LESTIYANTO","0590011938",,,"wjSz1DT8w7zEELKkzzf9z5mlWKm4sgCY6YWhoi2N8O5MmJhfjLBsODnkrjyu","Wed Sep 20 2023 13:58:14 GMT+0700 (Western Indonesia Time)","Thu Jan 25 2024 16:51:01 GMT+0700 (Western Indonesia Time)","1021","2","A","XcDxEGHc4gURyjqbAynknRmJiwLU8YswLtJ2hxyf","660"
"124","PETER BONARRIO BOIMAU","104881",,,,"Wed Sep 20 2023 13:58:21 GMT+0700 (Western Indonesia Time)","Fri Dec 08 2023 10:25:13 GMT+0700 (Western Indonesia Time)","1143","3","A","sH8BbxMrVH7YfHil6u5b8qdu1qNU6LOrOui66zaZ","663"
"125","MUHAMMAD IDHAM SYAFAR","106488",,,"9Ay8wMc529SZ8Y2PiAvrLudN9NsweJkbMxaLwdjkFNS3czWJO2lfr6ZLVXOL","Wed Sep 20 2023 13:58:47 GMT+0700 (Western Indonesia Time)","Thu Jan 11 2024 17:01:36 GMT+0700 (Western Indonesia Time)","2513","3","A","vQtjV7zVtBSLmDH5eZZjFir3ziwJyavbIBqJazx8","67"
"126","SYAHRI RAMADHAN ANANDA","104928",,,,"Wed Sep 20 2023 13:58:47 GMT+0700 (Western Indonesia Time)","Thu Nov 16 2023 17:31:12 GMT+0700 (Western Indonesia Time)","2202","3","A","1bjl9kdd9eaSjCm7LzfDT0KeStIHugl5tNcUKGGz","72"
"127","SETIAWAN ROEBIONO","102185",,,"A25xZ4NoW0ZcdCOpSg5RcVbYacYZ1cMmNxyfYucP0XyS2bH7PH5bNPWkxGZ2","Wed Sep 20 2023 13:59:29 GMT+0700 (Western Indonesia Time)","Tue Dec 19 2023 12:47:53 GMT+0700 (Western Indonesia Time)","1090","1","A","6zDAAHtLtmCSfc9zHB4JG4ektMnSkNTtuZKR8Oxt","663"
"132","RINIA FERDIANTY","106706",,,,"Wed Sep 20 2023 14:06:11 GMT+0700 (Western Indonesia Time)","Wed Dec 20 2023 17:01:22 GMT+0700 (Western Indonesia Time)","2312","3","A","v6CqO3DlaeGziGFoSdjHI8Xtby8pp6omXv8LKS1w","65"
"133","WADIANTO","101011",,,,"Wed Sep 20 2023 14:10:15 GMT+0700 (Western Indonesia Time)","Fri Feb 23 2024 17:03:02 GMT+0700 (Western Indonesia Time)","1111","3","A","UsZOo8rQ7aeWfgzhq9tFSM5NClVRs4ZQRkQdiDYe","663"
"134","WULU HARDIANSYAH","101299",,,,"Wed Sep 20 2023 14:14:13 GMT+0700 (Western Indonesia Time)","Mon Nov 20 2023 11:30:15 GMT+0700 (Western Indonesia Time)","2518","3","A","NH75ufvAIfbvyEiLM6StuyiiPgukRbYaPwgzasPx","67"
"135","RAMADHAN","102556",,,"BGe60HEQLSdOYnFzlnCE2PwaKE4hiPGPJozE7RGK7GVq8Pfna6s4fVW1GPCv","Wed Sep 20 2023 14:15:17 GMT+0700 (Western Indonesia Time)","Wed Feb 07 2024 09:44:40 GMT+0700 (Western Indonesia Time)","2503","3","A","Rgm2wQ2pPoz6EqHlwhpmvj2EWiZYz8Va3HusKsM8","67"
"149","LUKMAN HARIYADI","102490",,,"mEYokjK7ohkPFXTC4XsfllDFthhOYDNLCc81NcCxnhuXbFgeQ3y4Sb733Nvo","Wed Sep 20 2023 14:50:38 GMT+0700 (Western Indonesia Time)","Wed Dec 20 2023 16:27:34 GMT+0700 (Western Indonesia Time)","1041","3","A","wxX2BZXzeIzlFOQ2EyV2QwU5CWLti8FKZjF7Ct5c","660"
"156","ERWIN MUCHSIN","102911",,,"ouozQfEvpKBAFwOqneUjeYUcRdKjNTOWxz1O6euTr8YZiaJCUbweVPHsGKT2","Wed Sep 20 2023 15:05:31 GMT+0700 (Western Indonesia Time)","Tue Dec 12 2023 15:19:49 GMT+0700 (Western Indonesia Time)","2306","2","A","wsLVEB2bIGxOpuxDVin59LOmYkzt30qO4g6FcrGH","65"
"160","OCTAVIANI ANGELINA ANGKUMONA","106457",,,,"Wed Sep 20 2023 16:21:13 GMT+0700 (Western Indonesia Time)","Wed Dec 13 2023 13:35:59 GMT+0700 (Western Indonesia Time)","2506","3","A","yt1WBnjgaqrZLpfEoiVnAAuv487yU9BzJBZiSJ2l","67"
"162","MITA SARI","105652",,,"Mfzf3P33TCvYyt7diyO4lT3USxrdqPfZ9oxF03rx8bqyNelPzO6id2YVXHcf","Wed Sep 20 2023 17:21:20 GMT+0700 (Western Indonesia Time)","Wed Jan 17 2024 16:22:30 GMT+0700 (Western Indonesia Time)","2307","3","A","1mcOo5uf9PEoVT1O4mYQ8ixahbhkVD8DfynFn02t","65"
"164","CAHAYADI","103765",,,"KurbRke2frd9ozfY2P1epjgnc8e2VH8AlT0C5C4x88mM9FuwvP5t2xm8dwnY","Wed Sep 20 2023 20:02:39 GMT+0700 (Western Indonesia Time)","Thu Feb 01 2024 14:13:11 GMT+0700 (Western Indonesia Time)","2520","3","A","6oQEfo9i4BBqlExGauDoBTrzKY5UkzPITrATzH6R","67"
"166","RIZKY NOORWIDODO","105306",,,"YyeU6N6alW3I23ItFe8tQte2Alj4Idaj0lCwiO2d0mTcniPcmVY4fAXoXBFF","Thu Sep 21 2023 08:19:30 GMT+0700 (Western Indonesia Time)","Thu Dec 07 2023 10:36:49 GMT+0700 (Western Indonesia Time)","1121","3","A","JaqSqR0iKHnm4KVUhlhVjrLV2Wyr7ALs0YAZUs71","663"
"176","RESTU GANDHI","106551",,,"r1TNbwaSXKqHrRQEWIXp02BzSrySFhmyfBIdq9t4DIsWmvFeVPcPzJWOk1Oh","Thu Sep 21 2023 09:52:24 GMT+0700 (Western Indonesia Time)","Sat Dec 09 2023 13:39:21 GMT+0700 (Western Indonesia Time)","2306","3","A","M1ztnZtAEyABiUll7aszW5IYQQOiSV5Gxm4u7vMH","65"
"180","ARIK SRI SETYORAHAYU","101346",,,"lLAlWP0oJdMSWo4to34YdM55pz0Bnt0m7xsj3TzsDVdihXF78XDzy4UM34KZ","Thu Sep 21 2023 10:23:36 GMT+0700 (Western Indonesia Time)","Mon Nov 13 2023 11:15:20 GMT+0700 (Western Indonesia Time)","1021","2","A","qjYCbZFVYSNZ5g1pqXClJcq8wbTInCqCg7QfWnOD","660"
"181","NUR FATHONAH","106015",,,"KbVOleYfSB1moXq6wYn3mZyyQKTxgbxxmCmu8t4NU5tesNVR4a6EqAigREG1","Thu Sep 21 2023 10:28:16 GMT+0700 (Western Indonesia Time)","Mon Jan 15 2024 11:47:17 GMT+0700 (Western Indonesia Time)","2306","3","A","cAnxfjacQAfGkqJmB252MBALH6GQLUkYtISQxe5D","65"
"182","DUDUNG ABDUL AZIZ","102331",,,"fOBcdjWfvOjvMkNpWG8awlXn77Qev9AlP7sOIAQOlxsaq8Y0TBE9pTIZdwN3","Thu Sep 21 2023 10:31:33 GMT+0700 (Western Indonesia Time)","Tue Jan 23 2024 11:55:25 GMT+0700 (Western Indonesia Time)","2309","3","A","pWvJUZ7LBNYKMm9QCpGDnXKN9hx5JCx70MSue1XJ","65"
"183","ANDI OKTAVIAN DWI CAHYO","105781",,,"KIN0pHqACoAECztel4auvu5P1GWq01JRBmlblCGO8VItoYHP35Y6ztoj59ic","Thu Sep 21 2023 10:35:55 GMT+0700 (Western Indonesia Time)","Fri Oct 27 2023 15:04:49 GMT+0700 (Western Indonesia Time)","2309","3","A","lvJFVTMrjgyQt5WwHU16JgOU5tsLkn7B1G73dUE5","65"
"187","HELMY ANDRIANTO","209505003",,,"RYTHpNZdpMsNGm32A6vyriPcmv0tiHLFSUGrWvNrKPrBEjUUCPTHIbspOOqF","Thu Sep 21 2023 11:06:28 GMT+0700 (Western Indonesia Time)","Tue Nov 07 2023 09:39:50 GMT+0700 (Western Indonesia Time)","1011","3","A","nscUedEWWNGwNGb7j7rhRysrS6KvE5fg5kyKlKCD","66"
"193","ANIS FARIDA","100905",,,"uLwhirwQNtbH28omZj76fwtYyfBnwqh7sbt9bUAR9vRLFeocdldKyaIkjNMv","Thu Sep 21 2023 11:54:23 GMT+0700 (Western Indonesia Time)","Fri Oct 13 2023 14:58:14 GMT+0700 (Western Indonesia Time)","1021","2","A","l6mIDFNaKHTvH2OQxyhr075VsWM3riAjqdH7qIDZ","660"
"197","DIMAS HASANNUDIN","106109",,,"1Mu6xclkNwViQG2uFtRmh3nqxTU0UQMf0F0ev4Tfn00v27HaTHY7LafmH8Qi","Thu Sep 21 2023 13:20:28 GMT+0700 (Western Indonesia Time)","Thu Dec 14 2023 10:29:12 GMT+0700 (Western Indonesia Time)","2011","1","A","mS0U58kGyppTQuPP249vsSv0uv39TlznM8TkngDI",
"198","VITA OKTAVIANA","105215",,,"2UQoTsYmr6sy2wuCHUt8I2Noc64ujNUErHkkSRN3o8CkuOSe8oXzEeGxlbph","Thu Sep 21 2023 13:25:53 GMT+0700 (Western Indonesia Time)","Wed Jan 03 2024 16:15:36 GMT+0700 (Western Indonesia Time)","1061","3","A","zBDpvqNyGJ5ww7igt7ssMVnfcg6qxPmq6ilHscRH","660"
"199","WARSO KURNIAWAN","0779010946",,,,"Thu Sep 21 2023 14:31:54 GMT+0700 (Western Indonesia Time)","Thu Jan 11 2024 15:53:08 GMT+0700 (Western Indonesia Time)","1032","2","A","X04LqSXpzhaqvkIt2gZBuE8hzdYWpjDvoMPj8JYV","660"
"204","DEBY EKA STYAWAN","106341",,,,"Thu Sep 21 2023 16:24:12 GMT+0700 (Western Indonesia Time)","Sat Feb 24 2024 17:43:39 GMT+0700 (Western Indonesia Time)","1090","2","A","uQFATNqaawYaGVtQDIOfwbLq2g7F2yXvjHZRgqsj","663"
"205","BEDJO WALUYO","100394",,,,"Thu Sep 21 2023 16:31:26 GMT+0700 (Western Indonesia Time)","Mon Nov 27 2023 10:22:04 GMT+0700 (Western Indonesia Time)","2303","3","A","0BdhR0XE6o31Y7llJg20I8jGvvBALdR2dU7FlFEc","65"
"206","NURUL KHAIRI","103238",,,"7TBeReIuAcX3SG9awXyHr6SWox4XTLG9v3krXoQezbuBnBIjge5mQvnBwkuQ","Thu Sep 21 2023 16:48:52 GMT+0700 (Western Indonesia Time)","Wed Feb 07 2024 11:15:54 GMT+0700 (Western Indonesia Time)","2302","3","A","3uTY1bNd9PiZIGFORRLMOFIt7KuiLqWwiTQ6XELe","65"
"207","MARNO","101897",,,"TWzWlCMebCYoo9BKJ8HqjjGmHNpW3XUF27ekJEt3wdNV11D2khtzrrLu6dEo","Thu Sep 21 2023 17:13:03 GMT+0700 (Western Indonesia Time)","Wed Dec 20 2023 23:35:36 GMT+0700 (Western Indonesia Time)","2303","3","A","BtbULpzbdQH70h36jFxTGijtf3U5tGCLOrLVPHcj","65"
"213","DIMAZ YULIONO","105335",,,,"Fri Sep 22 2023 09:54:38 GMT+0700 (Western Indonesia Time)","Tue Oct 10 2023 14:03:21 GMT+0700 (Western Indonesia Time)","1146","3","A","yAjPFET2NNSRQwAHZLJFuysRptUxImJen0F4O7RH",
"215","DAVID WIDIYANTO","103285",,,"einki1bpoMANkJIrOG11Rejq8FiKLa4SHz32C0yM6Xc1vf7ei1emqxaQ0NFU","Fri Sep 22 2023 10:20:16 GMT+0700 (Western Indonesia Time)","Wed Nov 15 2023 15:44:03 GMT+0700 (Western Indonesia Time)","1042","3","A","F1SXaTblRXFDL994juXIj29agl04rUskGEtxkF7Q","66"
"216","EKA PRASTIYAWAN","104179",,,"gx3LkzHXP6D6TtJw1MrKhIOHx4XoA4dep41EKVJldYgrdbajNDFzyrYbvOfH","Fri Sep 22 2023 10:20:39 GMT+0700 (Western Indonesia Time)","Wed Nov 15 2023 15:45:09 GMT+0700 (Western Indonesia Time)","1043","3","A","BU9d3wkEkqSM515EQIyqSeKxlWBRJzYenPfgFtqL","66"
"217","IVAN FERNANDEZ SIREGAR","104455",,,"q5a26DUrx6GhUSlVXiApKvF989EP8wBAYyyFUIGKA2K2YXCnoXQuAt6l5JW9","Fri Sep 22 2023 10:25:00 GMT+0700 (Western Indonesia Time)","Wed Jan 31 2024 17:30:38 GMT+0700 (Western Indonesia Time)","2504","3","A","xNIm742FXEUQLzw5qn1YfCV46dIxjVhyivBwdYS1","67"
"218","NISSA AYU","106124",,,"39r5SLOPKmWKz7QEQw9TqmT1ZG7EYMZcLkbI2eMdS9wPsI9ahmVoxilD5wPC","Fri Sep 22 2023 10:26:55 GMT+0700 (Western Indonesia Time)","Mon Feb 19 2024 14:28:45 GMT+0700 (Western Indonesia Time)","1160","2","A","0J6WVBgSo9gqye5CCsKQwBg5A5KbyELWfXqj4n9b","662"
"219","VIKTOR ARIEYANTO HANDIYANI","103002",,,,"Fri Sep 22 2023 10:37:53 GMT+0700 (Western Indonesia Time)","Tue Oct 24 2023 13:12:40 GMT+0700 (Western Indonesia Time)","1160","2","A","8epSA4ky8hIO5E2JGxYjXSN1uvF88mlUIMl6crm4","662"
"220","MUHAMMAD DEDY HIDAYAT","0493021908",,,"36LjEDjZr0Zo4rKj5t9XjVAckbcHzyZVWf0MSBZgH4iV7nQrgRIdVsF0DJMA","Fri Sep 22 2023 10:38:25 GMT+0700 (Western Indonesia Time)","Thu Nov 16 2023 08:46:12 GMT+0700 (Western Indonesia Time)","1160","2","A","CJp9vPDJrscyIABrQMWdnfYqtsEbV2qP0HdhpTk9","662"
"221","DANANG WIDYATMOKO","105962",,,"QIidD7CoEG7vah13HfpoxjcuC9xcKVFDfGBMUOvqG0s5gMvNRVnMc1U7feno","Fri Sep 22 2023 12:43:58 GMT+0700 (Western Indonesia Time)","Wed Jan 03 2024 09:13:07 GMT+0700 (Western Indonesia Time)","1090","2","A","ieYIFwyQeTh8160OObQa8eyLbY29LV7FeTIwrRAL","663"
"226","HADI UTOMO","0391022715",,,"cNT4Nh6ac54Zjd68ZX05PoZnqzvdGII9xSwtxL6BJnYqfuUyeYGpIVGmuGqP","Mon Sep 25 2023 08:29:09 GMT+0700 (Western Indonesia Time)","Wed Feb 28 2024 14:45:04 GMT+0700 (Western Indonesia Time)","1020","2","A","SBOPTGPvoCXnQldHD3EHpx2LTN7iOMmZhAubngNX","660"
"227","ADI SURYANA","102839",,,,"Mon Sep 25 2023 08:30:55 GMT+0700 (Western Indonesia Time)","Tue Dec 12 2023 09:54:35 GMT+0700 (Western Indonesia Time)","2309","3","A","Ab6gxBTZJNvObwDflchy7qzHnPJzdgfJks9FGMiH","65"
"228","NADLIN","101036",,,"vBThzyKFl3U1oXtUaJhQBIv9ZIQwmfsXUPQpELk5JOLPk2qtJzLKU6TqLQXa","Mon Sep 25 2023 08:46:55 GMT+0700 (Western Indonesia Time)","Sun Jan 14 2024 18:00:55 GMT+0700 (Western Indonesia Time)","2202","3","A","1ZYdA8Jy2lsO0Rxri2Cmj0P05ad3LADiVCxfDvc2","72"
"230","AHMAD SUBHAN SSM","100737",,,"PTxuGm9j96iKhZKZDjaVEzDqTmM4gEhy3qHjeltihG3C8dm3XW18m9mJrBcg","Mon Sep 25 2023 09:50:06 GMT+0700 (Western Indonesia Time)","Thu Nov 30 2023 12:06:18 GMT+0700 (Western Indonesia Time)","2217","3","A","2uvujGyFVjr3k3eTAhygz1TejLxlO8E5YzJC0BH2","72"
"231","FAJAR SUMBUL SURBAKTI","102060",,,,"Mon Sep 25 2023 10:00:56 GMT+0700 (Western Indonesia Time)","Sun Dec 17 2023 18:13:41 GMT+0700 (Western Indonesia Time)","2202","3","A","DH3SDBQ1RlpR8lncgaKBZEwOfF1pepd5PfI8RkUt","72"
"241","SYAMSUL ADY","102887",,,"xPt8HAQIEoLEtugvbAP4nFYh2hquqPY8ujxO6EfgKIhdDuXcgMtXO3t5r6oZ","Thu Sep 28 2023 19:00:46 GMT+0700 (Western Indonesia Time)","Thu Dec 14 2023 11:59:07 GMT+0700 (Western Indonesia Time)","2501","2","A","S2GwMQoMsFkdSAMo3AdkgNSR85NTwBWdmpTMKZHP","67"
"258","MARIO ANDRETTY","0384031840",,,,"Tue Oct 03 2023 10:23:21 GMT+0700 (Western Indonesia Time)","Mon Nov 13 2023 08:53:18 GMT+0700 (Western Indonesia Time)","1021","2","A","nIkX1a16TMYZwqZmeazqyYaA2f5NQESkfpvvM4Ck","660"
"259","RUDIANTO","102563",,,,"Tue Oct 03 2023 10:25:11 GMT+0700 (Western Indonesia Time)","Mon Oct 23 2023 12:54:04 GMT+0700 (Western Indonesia Time)","1021","2","A","q6SXh8d75fOMkFUIQCXPZNNtXCTd1662pHgLGviC","660"
"269","TUNGGUL PRAMUDITO","103687",,,,"Wed Oct 04 2023 09:59:07 GMT+0700 (Western Indonesia Time)","Wed Dec 20 2023 10:09:32 GMT+0700 (Western Indonesia Time)","1021","2","A","JP1DWkQxbVa4y5geYQrl87FFcePkpwbRHrpbROgz","660"
"252","ANITA IRIANTY PETRONELA S","100781",,,"3MJgV1ltZju5b84xQFIIMARCkXssPgNLINnnE8v1b9euO4iJd63PmRmvtWea","Tue Oct 03 2023 09:16:10 GMT+0700 (Western Indonesia Time)","Fri Jan 19 2024 10:11:52 GMT+0700 (Western Indonesia Time)","2508","3","A","f0FKhrPDzw4MVmqNH0uxpJwfQKbBHB0BWDegeON3","67"
"391","RAKA SEPTIAN","105760",,,"Wgmm5Bf4wpVmSoXBrtwJLeVidvZMgWtKTMM8LHmBhKWoyWx0rzmluYKU8NzV","Tue Dec 12 2023 17:44:08 GMT+0700 (Western Indonesia Time)","Thu Feb 15 2024 10:27:42 GMT+0700 (Western Indonesia Time)","2303","2","A","DwNzvJUgznEjkMY3fnl6Xbv1ftWfR19lTGAhm04V","65"
"403","JAI HEAD OFFICE","5100100",,,"ZInne2Md4NwJM8IC1Q605j8YJRVQrCJ0vZc3wXtky2KrIGOlKW2EcE8wI11H","Mon Jul 15 2024 12:31:06 GMT+0700 (Western Indonesia Time)","Mon Dec 30 2024 15:13:26 GMT+0700 (Western Indonesia Time)","5101","3","A","OwG8FqXuTItDrj7GTVF7y88KbdymhjoTdwwHXshS","051"
"404","JAI CABANG TANJUNG PRIOK","5100200",,,"VmGeJeNK6ONps44M0ymFRGAWgCSQKKEASf1xDdWVcmplSRQl2t31Y90CHtUs","Mon Jul 15 2024 12:31:33 GMT+0700 (Western Indonesia Time)","Mon Dec 30 2024 15:13:47 GMT+0700 (Western Indonesia Time)","5102","3","A","jqyWtVPCG7QqSym0rNOlOqTSEj0ayb8FkMi43NWN","051"
"413","OKMAN TRIWIBOWO","19851015483",,,,"Thu Jul 18 2024 11:00:17 GMT+0700 (Western Indonesia Time)","Thu Jul 18 2024 11:00:17 GMT+0700 (Western Indonesia Time)","5101","3","A","y0SV22FoAg2pkPzrOQrU7U4RRA7HjcihdVoxcBLj",
"422","FRINS APUL SIMARMATA","tes",,,"Cls4wzDb8REcPz1FT2nlljMjjLH8RlXVXavQoa1XOMepGldhUKDI2eeOr5p0","Mon Mar 24 2025 13:40:23 GMT+0700 (Western Indonesia Time)","Wed Mar 26 2025 11:22:29 GMT+0700 (Western Indonesia Time)","2011","1","A","qD0M0qFJcPDRGiH44HvEkPCC3JS2bYfo0NLPdnV4",
"428","Dev","ghf",,,,"Tue Apr 08 2025 14:48:18 GMT+0700 (Western Indonesia Time)","Tue Apr 08 2025 14:48:18 GMT+0700 (Western Indonesia Time)","2011","1","A","PDItQlbprQwwMLHGrEZQB41wFpGSmfYZvhJmGyRy",
"345","ANDRI HUTAURUK","104630",,,"KUp4sdlh9amZAV4w5FpIDH9A2FwACf0z7myTH5yeChHA78mS08UES87vftN9","Wed Nov 01 2023 08:45:30 GMT+0700 (Western Indonesia Time)","Thu Nov 30 2023 17:58:13 GMT+0700 (Western Indonesia Time)","2202","3","A","38DcXuwu0Q7el2WbZIO0bjzv5MVxcUi6L6yCcXB5","72"
"398","HIDAYATULLAH","104127",,,"2513xjibAzzWjagkadaaQkcWjguyvVRaPFhUV9t7oJouNpmBk1nE3yXYiiyi","Thu Dec 14 2023 14:41:01 GMT+0700 (Western Indonesia Time)","Thu Feb 01 2024 10:16:05 GMT+0700 (Western Indonesia Time)","2302","2","A","lKUsIR5GffDhjgzyxRnl1UhYrODh4tETwTWQxWPW","65"
"419","PANDITYA WIRANGGA","106220",,,"Z1yzlirxmoDW0otlXpjMOIE3ZwyZaGJSWtGppdkLGtdfEHMJoCrjiOqZA66a","Wed Oct 02 2024 12:31:27 GMT+0700 (Western Indonesia Time)","Mon Dec 30 2024 14:33:26 GMT+0700 (Western Indonesia Time)","2011","1","A","dvWCAnDKJTLzihKFhIpCRGVfLT7Ak9ZobI7Bq50J",
"421","FRINS APUL SIMARMATA","488012817",,,,"Mon Feb 10 2025 15:35:10 GMT+0700 (Western Indonesia Time)","Mon Feb 10 2025 18:10:12 GMT+0700 (Western Indonesia Time)","2011","1","A","v8wIZ9gOXGsPwgZKCMHq3MY5cGIeYyF8CqxgkFgw",
"429","Dev","wsw",,,,"Tue Apr 08 2025 15:08:43 GMT+0700 (Western Indonesia Time)","Tue Apr 08 2025 15:08:43 GMT+0700 (Western Indonesia Time)","2011","1","A","iWqom3kBsJ3dObVaqWaAwp2izXFOESsGKljNKLhC",
"435","Dev","test",,,,"Tue Apr 08 2025 15:36:37 GMT+0700 (Western Indonesia Time)","Tue Apr 08 2025 15:36:37 GMT+0700 (Western Indonesia Time)","2011","1","A","rE6NDbmUG66gV0fTPv6YU2nzUqCoFxacNP7Ec9pp",
"256","PRIYO SESANTO","105025",,,"YqUwlbQoIeWbZF7m2172cXi16YLJCDXNpU5RtsiVhQkqqB9GrejpXs3ydx5n","Tue Oct 03 2023 10:21:50 GMT+0700 (Western Indonesia Time)","Fri Dec 15 2023 10:12:44 GMT+0700 (Western Indonesia Time)","1021","2","A","yO55MjnCP3WN7unle8UkLa9YYcijznIZrYvoEFsW","660"
"417","PUTRI FAJAR SARI","105102",,,,"Thu Jul 18 2024 15:14:58 GMT+0700 (Western Indonesia Time)","Wed Jul 24 2024 11:28:37 GMT+0700 (Western Indonesia Time)","4201","3","A","iO3EjpplMwM5ddo076yx75hOCII1qsrxPnngrlRg",
"389","MARGANTIONIUS","105436",,,,"Thu Dec 07 2023 09:55:40 GMT+0700 (Western Indonesia Time)","Thu Dec 07 2023 09:55:40 GMT+0700 (Western Indonesia Time)","1021","2","A","9YkeqjTXFeYpZYGFpEXAzDVrPRK1JgvCclLxpf8r","660"
"401","ENDIN OKTAVIANA","102284",,,,"Thu Feb 22 2024 11:36:28 GMT+0700 (Western Indonesia Time)","Thu Feb 22 2024 11:36:28 GMT+0700 (Western Indonesia Time)","2011","2","A","hawmTx4Rui2zEPl2BEOJbvlaaTX8PunAcydzCtOt",
"405","HENNY SRI WAHYUNI","106831",,,"vElIi2c8U9jisjr9UbZXyLuCOghlREAsMmlr5x5VkVMRQl3gBCYn5MrCPQEm","Thu Jul 18 2024 10:51:19 GMT+0700 (Western Indonesia Time)","Thu Jul 18 2024 15:42:37 GMT+0700 (Western Indonesia Time)","4101","3","A","5hUM2hi5oYJR0VZZRC39krYFRGiUZtvVf95cx9I0",
"406","FUJIYANTO","7991093865",,,,"Thu Jul 18 2024 10:51:47 GMT+0700 (Western Indonesia Time)","Thu Jul 18 2024 17:42:55 GMT+0700 (Western Indonesia Time)","6001","3","A","mX1xgxnJEQuAvkA9bqsxaEBoeQYjz9rDIJwrSPqO",
"407","MUHAMAD SAPUTRA","19311283",,,"Ni7DM3vw7C0oPu5ENkKH6V7LvveugsOO9urx4evjhHLfn15eyDyTxtiSjS0K","Thu Jul 18 2024 10:51:49 GMT+0700 (Western Indonesia Time)","Fri Jul 19 2024 09:30:26 GMT+0700 (Western Indonesia Time)","7101","2","A","9tdepKGhDZGT7Krzwd0KF8erMWvcrxk6vBM2k7hS",
"408","NAHDI","104951",,,,"Thu Jul 18 2024 10:51:57 GMT+0700 (Western Indonesia Time)","Thu Jul 18 2024 15:43:34 GMT+0700 (Western Indonesia Time)","4101","3","A","8sfFLMhfgGZQzroWwvJyk7WOdf0BN60XJzVVZDpY",
"409","MUHAMMAD ARIFIN","891090038",,,,"Thu Jul 18 2024 10:52:08 GMT+0700 (Western Indonesia Time)","Tue Jul 23 2024 12:04:46 GMT+0700 (Western Indonesia Time)","7201","3","A","XIRzXWOljLEWwLueCn5z67Htp80B1WitRre07VTA",
"410","FARID FARDIANSYAH","105376",,,,"Thu Jul 18 2024 10:54:01 GMT+0700 (Western Indonesia Time)","Thu Jul 18 2024 10:54:01 GMT+0700 (Western Indonesia Time)","6001","3","A","SHriMaSKOyC9hxglgGiP2GUPoPUsct1LwVACb26K",
"411","MOHAMMAD ILHAM RAMADHAN","105970",,,"kpcnt8wMAmAuCx0ULvxBooQMnRdwRyqgPMIkCvlTewm335JMc054zUjDwf7R","Thu Jul 18 2024 10:54:59 GMT+0700 (Western Indonesia Time)","Tue Jul 30 2024 12:06:08 GMT+0700 (Western Indonesia Time)","4201","3","A","g0LMNLt72TaOofY75FZrB2nDv9fhhgn5JAx32dJt",
"412","ARIEF ARDIANSYAH","11002769",,,,"Thu Jul 18 2024 10:58:19 GMT+0700 (Western Indonesia Time)","Thu Jul 18 2024 14:28:22 GMT+0700 (Western Indonesia Time)","7101","3","A","k17rxdmtLSxMq0NbDHux99UcBt5fdJg2FYNxJ4TX",
"420","IRWAN SISWANTO","106298",,,"eKiSCFug8x6uZhgjwHzskiaYqA6wzcKgBWQYrnOQjCQk1OA9wTUwj2IyF7Hu","Mon Dec 30 2024 14:44:15 GMT+0700 (Western Indonesia Time)","Mon Dec 30 2024 14:44:15 GMT+0700 (Western Indonesia Time)","2301","3","A","tYBgmq91oT5jQDcpGZDtwbopKCpCVCvHBNtoipA0",
"424","Dev","rev",,,"O2CDwhPCABQgbk7KhTdqJ5EapwxSsNAy39S0vMv3qBanlZpFVAFxXUYRHkmJ","Thu Mar 27 2025 11:31:28 GMT+0700 (Western Indonesia Time)","Thu Mar 27 2025 12:27:42 GMT+0700 (Western Indonesia Time)","2011","2","A","NDGLPPtOuGpCjWyW8R2yjyf6Y1mrVRs77S59Xoqv",
"425","Dev","admin",,,"56GeUldNYKnLb7Id1CvjooSIjYPHMsioDyXN29rvtIfrbN99mLJtrZAat9mn","Thu Mar 27 2025 11:32:30 GMT+0700 (Western Indonesia Time)","Thu Mar 27 2025 12:57:31 GMT+0700 (Western Indonesia Time)","2011","1","A","SaSACLCI25IAQjd9meo7ihYSGL3NvXhAiA8WUz9T",
"416","ICHWAN CHAMDANI","106325",,,,"Thu Jul 18 2024 14:41:16 GMT+0700 (Western Indonesia Time)","Thu Jul 18 2024 14:41:16 GMT+0700 (Western Indonesia Time)","5101","3","A","K0pWOR2q70TmJ2Ijw9KyuT0MsIZPzMkB1SQtJwvm",
"418","RAKA PURBO SALOKO","895120259",,,,"Tue Jul 23 2024 09:54:40 GMT+0700 (Western Indonesia Time)","Fri Aug 02 2024 14:50:42 GMT+0700 (Western Indonesia Time)","7201","3","A","XJu7RyOEHpkSOikisd4zWg1NAGcrlxUHVoBsh7zC",
"423","Dev","user",,,"c8pjfiDfsIShR8l80CebN6pYMT4iiedp2pm4MAgyim8dpJuj2ee4cZn41veD","Thu Mar 27 2025 11:25:42 GMT+0700 (Western Indonesia Time)","Thu Mar 27 2025 12:28:49 GMT+0700 (Western Indonesia Time)","2011","3","A","JU396XwZAel1AkvQnya0nEKNWu52Dw3UMtO99cOm",
"426","Dev","asd",,,"DqKyaX2mt6vymulwlVShucjjz0fV5XsmDwZJxYPef9eScv92Cb9vjmr5KOfF","Thu Mar 27 2025 11:50:06 GMT+0700 (Western Indonesia Time)","Tue Apr 08 2025 17:11:16 GMT+0700 (Western Indonesia Time)","2011","1","A","ZYYTfKJGPoImq61DBqgHap1uM0bv9Vdq8J53cbAK",
"427","Dev","D",,,"mTP117eQUlzNxai1wZxKXmgUkPz1d1tGDk6r5SlCqBgFpaweI9e6456mc4kQ","Thu Mar 27 2025 11:52:39 GMT+0700 (Western Indonesia Time)","Thu Mar 27 2025 11:52:39 GMT+0700 (Western Indonesia Time)","2011","1","A","LgRCQfVcP2H76RaQ1v6ThpEoEBxrL26g9X2xLs2x",
"390","LA ODE M. AL IMRAN","104253",,,,"Fri Dec 08 2023 14:48:54 GMT+0700 (Western Indonesia Time)","Tue Dec 12 2023 10:12:14 GMT+0700 (Western Indonesia Time)","2308","3","A","19UyvWwtJVSX4R4umyGUr4hTZ97fNxtTtFl4Hso3",
"397","LA ODE HAMUNDU","102666",,,"eS031gjXdbJ2jG2K6Yuq6cTojv3xuut61e75tO4bH3O8ZgGA414AvflmYZDz","Thu Dec 14 2023 12:26:33 GMT+0700 (Western Indonesia Time)","Tue Feb 06 2024 10:15:06 GMT+0700 (Western Indonesia Time)","2302","2","A","jvITrdu3FJFNhTXdRbGhPwQ5m1sWM2GKgG1QbZIa","65"
"399","IRVAN ALFAJRI","106868",,,"dxcbgebKmgcK6GRAaD5q5ouST82Qz6QpQNeWoyfdb4z3SS6IKmyLa4r5dTdX","Tue Dec 19 2023 15:37:50 GMT+0700 (Western Indonesia Time)","Fri Dec 22 2023 15:44:32 GMT+0700 (Western Indonesia Time)","2308","3","A","wgeHxuVslO4xpazF9WnY8IwRzHTBsXQrasgSSiZj","65"
"402","TRI SWASONO HIMAWAN","0394053606",,,,"Tue Feb 27 2024 13:45:13 GMT+0700 (Western Indonesia Time)","Tue Feb 27 2024 13:46:12 GMT+0700 (Western Indonesia Time)","1011","3","A","M5ax52aCsEBSG8HtwP6IK02q9iqmWqnFcM3IqsQL",
"414","DEWI BRATANINGSIH","105628",,,,"Thu Jul 18 2024 11:22:14 GMT+0700 (Western Indonesia Time)","Thu Jul 18 2024 14:47:45 GMT+0700 (Western Indonesia Time)","6001","3","A","OdVG9BJjwCYGXSFzzbVY3Hm17aGS7OWS5EtQ3HX3",
"278","ARTIKA TRI WIDYANTI","104702",,,"Ckb5wffZ6lII6I0jFk6CLeoXNuNQQLYgCOtN3QiZZuk3ygoxsyruwzFscZVD","Wed Oct 04 2023 15:46:33 GMT+0700 (Western Indonesia Time)","Wed Dec 20 2023 10:03:09 GMT+0700 (Western Indonesia Time)","1021","3","A","MaopbOn2KEUV19YqOGSykpjuQGs4Jk2D8KfrVRO8","660"
"415","YUDHA VANDIYANTO","19990115878",,,"Tzii8iy1Y9N7T9bNxnolI72LJvJ8qSr9KTgebjDyMj9Kwgzxj8OIljPAYDlE","Thu Jul 18 2024 12:04:52 GMT+0700 (Western Indonesia Time)","Thu Jul 18 2024 15:31:02 GMT+0700 (Western Indonesia Time)","5101","3","A","XxkK9CYe3lAVbpiJHyKh3lyqoLS5RvkJkYVVFgZj",
"392","AJENG WIARDANINGRUM","106800",,,"KFTKWcWFOX5YjlH4q1yyHmnYjGcmVnAAgOwXEFWbuFkC0yjSSE9ym9wsnHnk","Wed Dec 13 2023 17:26:10 GMT+0700 (Western Indonesia Time)","Wed Dec 13 2023 17:26:10 GMT+0700 (Western Indonesia Time)","2011","1","A","cNFhO00plsZha0zMyTj8aKVgmpBtU5fuYOMb2dIB",
"393","FADHLI FAUZAR","820100307",,,,"Wed Dec 13 2023 17:29:21 GMT+0700 (Western Indonesia Time)","Wed Feb 21 2024 11:19:47 GMT+0700 (Western Indonesia Time)","2302","2","A","GCyASRWVoAj7i7Gpbnrj5iltOHaEkdDFkKQr3cMl","65"
"394","JOKO UMARDANI","103959",,,,"Wed Dec 13 2023 17:30:20 GMT+0700 (Western Indonesia Time)","Fri Dec 15 2023 09:22:35 GMT+0700 (Western Indonesia Time)","2305","2","A","n23dR8SLW2uZcMhkZ8qFXXJSEKo0TqKDD2nipqca",
"395","INDRA SUSANTO","104602",,,,"Thu Dec 14 2023 11:26:03 GMT+0700 (Western Indonesia Time)","Tue Dec 19 2023 08:32:07 GMT+0700 (Western Indonesia Time)","2307","2","A","Olw97DgGMEXsRBKHu44vGdGTf5jjPJOQjkzbzzcd","65"
"396","I NENGAH DWI NADIARTA","19961202340",,,,"Thu Dec 14 2023 12:04:33 GMT+0700 (Western Indonesia Time)","Fri Dec 15 2023 10:09:05 GMT+0700 (Western Indonesia Time)","1090","3","A","PB3wFj5HKhwxsNEXwsYdnBJk5QQWGTnZGquQGIV6","663"
"400","AHMAD RIDHO MANDIRI PUTRA","106442",,,"QxRyMEYtnOSmD9yNZRUkCl2HyQMckrqQSN5XUiV5A4p4ubie55agqZcaRTqk","Thu Dec 28 2023 12:15:25 GMT+0700 (Western Indonesia Time)","Fri Dec 29 2023 16:55:50 GMT+0700 (Western Indonesia Time)","2302","3","A","FZsaavH0Xtx2tRB1ZxfigQjz2jdWNbCxMbWuiDC5",
"339","NOVI PRASTYOKO","102570",,,"gA2C6tQmSAygUfaiSKZieaJAcO7y3mz1fQhvmjs8Twh3xcxpLoeGzMOlOFII","Wed Oct 25 2023 13:44:24 GMT+0700 (Western Indonesia Time)","Tue Jan 09 2024 18:54:16 GMT+0700 (Western Indonesia Time)","2311","2","A","vhJnobkaNWvMbeBhcpSwC0RcjQt15jdQH9wzgIaw","65"